Employee_ID,Attrition,BusinessTravel,DailyRate,EnvironmentSatisfaction,HourlyRate,JobSatisfaction,MonthlyIncome,MonthlyRate,OverTime,PercentSalaryHike,PerformanceRating,StandardHours,StockOptionLevel,TotalWorkingYears
1001,No,Travel_Rarely,1102,2,94,4,5993,19479,Yes,11,3,80,0,1.1
1002,No,Travel_Frequently,279,3,61,2,5130,24907,No,23,4,80,1,1.3
1003,No,Travel_Rarely,1373,4,92,3,2090,2396,Yes,15,3,80,0,1.5
1004,No,Travel_Frequently,1392,4,56,3,2909,23159,Yes,11,3,80,0,2
1005,No,Travel_Rarely,591,1,40,2,3468,16632,No,12,3,80,1,2.2
1006,No,Travel_Frequently,1005,4,79,4,3068,11864,No,13,3,80,0,2.9
1007,Yes,Travel_Rarely,1324,3,81,1,2670,9964,Yes,20,4,80,3,3
1008,Yes,Travel_Rarely,1358,4,67,3,2693,13335,No,22,4,80,1,3.2
1009,No,Travel_Frequently,216,4,44,3,9526,8787,No,21,4,80,0,3.2
1010,Yes,Travel_Rarely,1299,3,94,3,5237,16577,No,13,3,80,2,3.7
1011,No,Travel_Rarely,809,1,84,2,2426,16479,No,13,3,80,1,3.9
1012,Yes,Travel_Rarely,153,4,49,3,4193,12682,Yes,12,3,80,0,4
1013,Yes,Travel_Rarely,670,1,31,3,2911,15170,No,17,3,80,1,4
1014,Yes,Travel_Rarely,1346,2,93,4,2661,8758,No,11,3,80,1,4.1
1015,No,Travel_Rarely,103,3,50,3,2028,12947,Yes,14,3,80,0,4.5
1016,Yes,Travel_Rarely,1389,2,51,1,9980,10195,No,11,3,80,1,4.9
1017,Yes,Travel_Rarely,334,1,80,2,3298,15053,Yes,12,3,80,2,5.1
1018,Yes,Non-Travel,1123,4,96,4,2935,7324,Yes,13,3,80,2,5.3
1019,No,Travel_Rarely,1219,1,78,4,15427,22021,No,16,3,80,0,5.9
1020,No,Travel_Rarely,371,4,45,4,3944,4306,Yes,11,3,80,0,6
1021,Yes,Non-Travel,673,1,96,3,4011,8232,No,18,3,80,1,6.8
1022,Yes,Travel_Rarely,1218,3,82,1,3407,6986,No,23,4,80,0,7.1
1023,Yes,Travel_Rarely,419,1,53,2,11994,21293,No,11,3,80,0,7.9
1024,Yes,Travel_Rarely,391,3,96,4,1232,19281,No,14,3,80,0,8.2
1025,Yes,Travel_Rarely,699,2,83,1,2960,17102,No,11,3,80,0,8.7
1026,No,Travel_Rarely,1282,3,58,3,19094,10735,No,11,3,80,1,9
1027,No,Travel_Frequently,1125,2,72,1,3919,4681,Yes,22,4,80,0,9.5
1028,No,Travel_Rarely,691,3,48,2,6825,21173,No,11,3,80,1,9.6
1029,Yes,Travel_Rarely,477,1,42,4,10248,2094,No,14,3,80,1,10.3
1030,No,Travel_Rarely,705,2,83,1,18947,22822,No,12,3,80,0,10.5
1031,No,Travel_Rarely,924,3,78,4,2496,6670,No,11,3,80,0,11.2
1032,Yes,Travel_Rarely,1459,4,41,4,6465,19121,Yes,13,3,80,0,11.5
1033,Yes,Travel_Rarely,125,4,83,3,2206,16117,No,13,3,80,0,12.3
1034,No,Travel_Rarely,895,4,56,4,2086,3335,No,14,3,80,1,12.9
1035,Yes,Travel_Rarely,813,2,61,4,2293,3020,Yes,16,3,80,1,13.5
1036,Yes,Travel_Rarely,1273,4,72,3,2645,21923,No,12,3,80,2,1.1
1037,Yes,Travel_Rarely,869,1,86,3,2683,3810,Yes,14,3,80,0,1.3
1038,Yes,Travel_Rarely,890,4,97,4,2014,9687,No,13,3,80,0,1.5
1039,No,Travel_Rarely,852,2,82,1,3419,13072,Yes,14,3,80,1,2
1040,Yes,Travel_Frequently,1141,3,42,1,5376,3193,No,19,3,80,2,2.2
1041,No,Travel_Rarely,464,3,75,4,1951,10910,No,12,3,80,1,2.9
1042,No,Travel_Rarely,1240,4,33,1,2341,19715,No,13,3,80,1,3
1043,Yes,Travel_Rarely,1357,1,48,3,2293,10558,No,12,3,80,0,3.2
1044,Yes,Travel_Frequently,994,4,37,3,8726,2975,No,15,3,80,0,3.2
1045,No,Travel_Frequently,721,3,58,4,4011,10781,No,23,4,80,0,3.7
1046,No,Travel_Rarely,1360,2,49,3,19545,16280,No,12,3,80,0,3.9
1047,No,Non-Travel,1065,2,72,3,4568,10034,No,20,4,80,0,4
1048,No,Travel_Rarely,408,2,73,2,3022,10227,No,21,4,80,0,4
1049,Yes,Travel_Frequently,1211,1,98,4,5772,20445,Yes,21,4,80,0,4.1
1050,Yes,Travel_Rarely,1229,4,36,4,2269,4892,No,19,3,80,0,4.5
1051,No,Travel_Rarely,626,1,98,3,5381,19294,Yes,13,3,80,0,4.9
1052,Yes,Travel_Rarely,1434,3,50,3,3441,11179,Yes,13,3,80,0,5.1
1053,Yes,Travel_Rarely,1488,2,75,1,5454,4009,Yes,21,4,80,1,5.3
1054,Yes,Non-Travel,1097,3,79,1,9884,8302,Yes,13,3,80,1,5.9
1055,Yes,Travel_Rarely,1443,3,47,4,4157,21436,Yes,19,3,80,1,6
1056,Yes,Travel_Frequently,515,1,98,4,13458,15146,Yes,12,3,80,0,6.8
1057,No,Travel_Frequently,853,2,71,1,9069,11031,No,22,4,80,1,7.1
1058,No,Travel_Rarely,1142,3,30,1,4014,16002,Yes,15,3,80,1,7.9
1059,No,Travel_Rarely,655,4,48,4,5915,9528,No,22,4,80,1,8.2
1060,Yes,Travel_Rarely,1115,1,51,3,5993,2689,No,18,3,80,1,8.7
1061,No,Travel_Rarely,427,1,33,4,6162,10877,Yes,22,4,80,1,9
1062,No,Travel_Frequently,653,4,50,4,2406,5456,No,11,3,80,0,9.5
1063,No,Travel_Rarely,989,2,43,3,18740,16701,Yes,12,3,80,1,9.6
1064,No,Travel_Rarely,1435,1,99,1,7637,2354,No,11,3,80,0,10.3
1065,No,Travel_Rarely,1223,3,59,3,10096,8202,No,13,3,80,3,10.5
1066,No,Travel_Rarely,836,4,33,3,14756,19730,Yes,14,3,80,3,11.2
1067,No,Travel_Frequently,1195,2,95,2,6499,22656,No,13,3,80,0,11.5
1068,No,Travel_Rarely,1339,2,59,1,9724,18787,No,17,3,80,1,12.3
1069,Yes,Travel_Frequently,664,2,79,1,2194,5868,No,13,3,80,1,12.9
1070,No,Travel_Rarely,318,4,79,3,3388,21777,Yes,17,3,80,1,13.5
1071,No,Travel_Frequently,1225,1,57,3,5473,24668,No,11,3,80,0,1.1
1072,Yes,Travel_Rarely,1328,3,76,2,2703,4956,No,23,4,80,1,1.3
1073,Yes,Travel_Rarely,1082,3,87,2,2501,18775,No,17,3,80,0,1.5
1074,Yes,Travel_Rarely,548,2,66,2,6220,7346,No,17,3,80,2,2
1075,Yes,Travel_Rarely,132,2,55,4,3038,22002,No,12,3,80,0,2.2
1076,No,Travel_Rarely,746,3,61,4,4424,20682,No,23,4,80,0,2.9
1077,No,Travel_Rarely,776,3,32,1,4312,23016,No,14,3,80,0,3
1078,No,Travel_Rarely,193,4,52,1,13245,15067,Yes,14,3,80,0,3.2
1079,No,Travel_Rarely,397,1,30,3,13664,25258,No,13,3,80,0,3.2
1080,Yes,Travel_Rarely,945,2,80,2,5021,10425,Yes,22,4,80,1,3.7
1081,Yes,Travel_Rarely,852,4,55,4,5126,15998,Yes,12,3,80,2,3.9
1082,No,Travel_Rarely,1214,2,30,3,2859,26278,No,18,3,80,0,4
1083,No,Travel_Rarely,111,1,70,4,10239,18092,No,14,3,80,1,4
1084,No,Non-Travel,573,2,79,4,5329,15717,Yes,12,3,80,3,4.1
1085,Yes,Travel_Rarely,1153,1,94,2,4325,17736,No,15,3,80,0,4.5
1086,Yes,Travel_Rarely,1400,4,49,4,7260,21698,No,11,3,80,0,4.9
1087,Yes,Travel_Rarely,541,3,62,1,2322,9518,No,13,3,80,1,5.1
1088,No,Travel_Rarely,432,4,96,4,2075,18725,No,23,4,80,2,5.3
1089,Yes,Travel_Rarely,288,3,99,4,4152,15830,No,19,3,80,3,5.9
1090,Yes,Travel_Rarely,669,3,64,4,9619,13596,No,16,3,80,0,6
1091,No,Travel_Frequently,530,3,78,2,13503,14115,No,22,4,80,1,6.8
1092,Yes,Travel_Rarely,632,3,71,4,5441,8423,Yes,22,4,80,0,7.1
1093,Yes,Travel_Rarely,1334,3,63,2,5209,19760,Yes,12,3,80,3,7.9
1094,Yes,Travel_Frequently,638,3,40,1,10673,3142,Yes,13,3,80,1,8.2
1095,No,Travel_Rarely,1093,2,87,3,5010,24301,No,16,3,80,0,8.7
1096,No,Travel_Rarely,1217,1,60,3,13549,24001,No,12,3,80,1,9
1097,Yes,Travel_Rarely,1353,1,33,3,4999,17519,No,21,4,80,1,9.5
1098,Yes,Non-Travel,120,2,43,3,4221,8863,No,15,3,80,0,9.6
1099,Yes,Travel_Rarely,682,4,37,3,13872,24409,No,13,3,80,0,10.3
1100,No,Non-Travel,489,2,67,2,2042,25043,No,12,3,80,1,10.5
1101,Yes,Travel_Rarely,807,3,63,1,2073,23648,Yes,22,4,80,0,11.2
1102,No,Travel_Rarely,827,4,71,1,2956,15178,No,13,3,80,0,11.5
1103,Yes,Travel_Frequently,871,4,66,4,2926,19783,Yes,18,3,80,0,12.3
1104,No,Travel_Rarely,665,1,41,3,4809,12482,No,14,3,80,0,12.9
1105,No,Non-Travel,1040,3,100,4,5163,15850,No,14,3,80,1,13.5
1106,No,Non-Travel,1420,3,32,4,18844,21922,No,21,4,80,1,1.1
1107,Yes,Travel_Frequently,1115,1,73,2,18172,9755,Yes,19,3,80,0,1.3
1108,No,Travel_Rarely,240,3,46,3,5744,26959,Yes,11,3,80,0,1.5
1109,Yes,Travel_Rarely,1280,4,64,4,2889,26897,No,11,3,80,2,2
1110,No,Travel_Rarely,534,2,59,4,2871,23785,No,15,3,80,0,2.2
1111,Yes,Travel_Frequently,1456,1,30,1,7484,25796,No,20,4,80,0,2.9
1112,Yes,Travel_Frequently,658,1,66,3,6074,22887,Yes,24,4,80,0,3
1113,No,Non-Travel,142,4,30,4,17328,13871,Yes,12,3,80,0,3.2
1114,Yes,Travel_Rarely,1127,2,52,3,2774,13257,No,12,3,80,1,3.2
1115,Yes,Travel_Rarely,1031,3,45,2,4505,15000,No,15,3,80,1,3.7
1116,No,Travel_Rarely,1189,3,87,4,7428,14506,No,12,3,80,0,3.9
1117,No,Travel_Rarely,1354,3,45,1,11631,5615,No,12,3,80,0,4
1118,Yes,Travel_Frequently,1467,2,92,4,9738,22952,No,14,3,80,1,4
1119,No,Travel_Rarely,922,1,39,4,2835,2561,No,22,4,80,1,4.1
1120,Yes,Travel_Frequently,394,3,92,4,16959,19494,Yes,12,3,80,2,4.5
1121,No,Travel_Frequently,1312,1,96,3,2613,22310,No,25,4,80,3,4.9
1122,Yes,Non-Travel,750,3,95,2,6146,15480,No,13,3,80,1,5.1
1123,Yes,Travel_Rarely,441,2,72,2,4963,4510,Yes,18,3,80,3,5.3
1124,Yes,Travel_Rarely,684,1,51,3,19537,6462,No,13,3,80,0,5.9
1125,No,Travel_Rarely,249,2,76,3,6172,20739,Yes,18,3,80,0,6
1126,Yes,Travel_Rarely,841,3,46,2,2368,23300,No,19,3,80,0,6.8
1127,No,Travel_Rarely,147,4,94,4,10312,3465,No,12,3,80,1,7.1
1128,No,Travel_Rarely,528,4,50,3,1675,26820,Yes,19,3,80,0,7.9
1129,Yes,Travel_Rarely,594,3,100,4,2523,19299,No,14,3,80,1,8.2
1130,Yes,Travel_Rarely,470,3,96,1,6567,5549,No,14,3,80,0,8.7
1131,No,Travel_Frequently,957,2,72,3,4739,16090,No,12,3,80,0,9
1132,No,Travel_Frequently,809,3,77,4,9208,6645,No,11,3,80,0,9.5
1133,Yes,Travel_Rarely,542,2,71,3,4559,24788,Yes,11,3,80,1,9.6
1134,No,Travel_Rarely,802,3,96,3,8189,21196,Yes,13,3,80,1,10.3
1135,No,Travel_Rarely,1355,3,61,3,2942,8916,No,23,4,80,1,10.5
1136,Yes,Travel_Rarely,216,2,84,2,4941,2819,No,20,4,80,2,11.2
1137,No,Travel_Frequently,1150,1,53,4,10650,25150,No,15,3,80,0,11.5
1138,Yes,Travel_Rarely,1329,4,47,3,5902,14590,No,14,3,80,1,12.3
1139,No,Travel_Rarely,959,1,41,3,8639,24835,No,18,3,80,0,12.9
1140,No,Travel_Rarely,1240,3,48,4,6347,13982,Yes,19,3,80,0,13.5
1141,No,Travel_Rarely,1033,1,41,1,4200,10224,No,22,4,80,0,1.1
1142,Yes,Travel_Rarely,1316,3,83,4,3452,9752,No,13,3,80,0,1.3
1143,Yes,Travel_Rarely,364,4,32,3,4317,2302,Yes,20,4,80,0,1.5
1144,Yes,Travel_Rarely,438,1,75,3,2632,23910,No,14,3,80,0,2
1145,Yes,Travel_Frequently,689,4,35,4,4668,22812,No,17,3,80,3,2.2
1146,Yes,Travel_Rarely,201,4,84,1,3204,10415,No,14,3,80,1,2.9
1147,Yes,Travel_Rarely,1427,2,35,4,2720,11162,No,13,3,80,0,3
1148,Yes,Travel_Frequently,857,4,91,1,17181,12888,No,13,3,80,1,3.2
1149,Yes,Travel_Rarely,933,3,94,1,2238,6961,No,21,4,80,1,3.2
1150,Yes,Travel_Rarely,1181,2,79,2,1483,16102,No,14,3,80,0,3.7
1151,No,Travel_Frequently,1395,2,54,2,5605,8504,No,11,3,80,1,3.9
1152,No,Travel_Rarely,662,3,94,2,7295,11439,No,13,3,80,2,4
1153,No,Travel_Rarely,1436,2,34,3,2306,16047,Yes,20,4,80,1,4
1154,No,Travel_Rarely,194,2,60,2,2348,10901,No,18,3,80,1,4.1
1155,Yes,Travel_Frequently,967,2,43,4,8998,15589,No,14,3,80,0,4.5
1156,Yes,Non-Travel,1496,4,41,3,4319,26283,No,13,3,80,1,4.9
1157,Yes,Travel_Rarely,1169,2,34,3,6132,13983,No,17,3,80,0,5.1
1158,No,Travel_Rarely,1145,2,75,2,3346,11873,Yes,20,4,80,1,5.3
1159,No,Travel_Rarely,630,3,67,4,10855,8552,No,11,3,80,1,5.9
1160,Yes,Travel_Frequently,303,3,75,3,2231,11314,No,18,3,80,1,6
1161,Yes,Travel_Rarely,1256,3,80,4,2323,11992,No,24,4,80,2,6.8
1162,Yes,Non-Travel,691,4,57,2,2024,5970,No,18,3,80,1,7.1
1163,No,Travel_Rarely,440,3,42,4,2713,6672,No,11,3,80,1,7.9
1164,Yes,Travel_Rarely,334,3,83,4,9439,23402,Yes,16,3,80,1,8.2
1165,Yes,Non-Travel,1450,3,79,3,2566,25326,Yes,15,3,80,1,8.7
1166,Yes,Travel_Rarely,1452,3,53,2,19926,17053,No,15,3,80,0,9
1167,No,Travel_Rarely,465,1,56,3,2451,4609,No,12,3,80,1,9.5
1168,No,Travel_Rarely,1339,2,41,4,9419,8053,No,12,3,80,1,9.6
1169,Yes,Travel_Rarely,702,1,59,4,8686,12930,No,22,4,80,0,10.3
1170,No,Travel_Rarely,120,3,43,3,3038,12430,No,20,4,80,0,10.5
1171,Yes,Travel_Rarely,1157,3,51,2,3058,13364,Yes,16,3,80,1,11.2
1172,Yes,Travel_Frequently,602,3,100,1,2325,20989,No,21,4,80,0,11.5
1173,No,Travel_Frequently,1480,4,30,2,2088,15062,No,12,3,80,0,12.3
1174,No,Non-Travel,111,3,66,1,3072,11012,No,11,3,80,2,12.9
1175,No,Travel_Rarely,1268,3,30,1,5006,6319,Yes,11,3,80,1,13.5
1176,Yes,Travel_Rarely,713,3,67,1,4257,13939,Yes,18,3,80,1,1.1
1177,Yes,Travel_Rarely,134,3,90,4,2500,10515,No,14,3,80,0,1.3
1178,Yes,Travel_Rarely,303,2,47,4,1102,9241,No,22,4,80,0,1.5
1179,No,Travel_Rarely,526,2,92,1,10453,2137,No,25,4,80,3,2
1180,Yes,Travel_Rarely,1380,3,75,4,2288,6319,No,12,3,80,0,2.2
1181,Yes,Travel_Rarely,140,3,95,4,3929,6984,Yes,23,4,80,1,2.9
1182,No,Travel_Rarely,629,4,95,2,2311,5711,No,15,3,80,0,3
1183,No,Travel_Rarely,1356,2,70,2,3140,21728,Yes,22,4,80,0,3.2
1184,No,Travel_Rarely,328,3,86,3,3690,3425,No,15,3,80,1,3.2
1185,No,Travel_Rarely,1084,4,57,1,4450,26250,No,11,3,80,2,3.7
1186,No,Travel_Rarely,931,4,72,2,2756,4673,No,13,3,80,1,3.9
1187,No,Travel_Rarely,989,4,46,3,19033,6499,No,14,3,80,1,4
1188,Yes,Travel_Rarely,692,3,61,2,18722,13339,No,11,3,80,0,4
1189,Yes,Travel_Frequently,1069,4,45,3,9547,14074,No,17,3,80,0,4.1
1190,No,Travel_Rarely,313,4,98,2,13734,7192,No,18,3,80,0,4.5
1191,No,Travel_Rarely,699,3,65,3,19999,5678,No,14,3,80,1,4.9
1192,No,Travel_Rarely,894,4,99,2,2279,11781,No,16,3,80,0,5.1
1193,Yes,Travel_Rarely,556,2,50,3,5916,15497,Yes,13,3,80,0,5.3
1194,Yes,Non-Travel,1344,4,37,4,2089,5228,No,14,3,80,3,5.9
1195,No,Non-Travel,1195,1,65,4,16792,20462,No,23,4,80,1,6
1196,Yes,Travel_Rarely,290,2,65,1,3564,22977,Yes,12,3,80,1,6.8
1197,No,Travel_Frequently,138,2,37,2,4425,15986,No,11,3,80,0,7.1
1198,No,Non-Travel,926,3,36,3,5265,16439,No,16,3,80,1,7.9
1199,Yes,Travel_Rarely,1261,4,88,3,6553,7259,No,14,3,80,0,8.2
1200,No,Travel_Rarely,1084,4,54,4,6261,4185,No,18,3,80,1,8.7
1201,Yes,Travel_Frequently,472,3,60,1,4298,9679,No,19,3,80,1,9
1202,No,Non-Travel,1002,4,92,4,6804,23793,Yes,15,3,80,2,9.5
1203,Yes,Travel_Frequently,878,4,43,3,3815,5972,Yes,17,3,80,1,9.6
1204,No,Travel_Rarely,905,3,99,4,2741,16523,Yes,15,3,80,1,10.3
1205,Yes,Travel_Rarely,1180,2,70,1,6673,11354,Yes,19,3,80,0,10.5
1206,Yes,Travel_Rarely,121,2,35,4,7639,24525,No,22,4,80,3,11.2
1207,No,Travel_Rarely,1136,4,60,2,2328,12392,Yes,16,3,80,1,11.5
1208,Yes,Travel_Frequently,635,2,73,4,2153,7703,No,13,3,80,0,12.3
1209,No,Non-Travel,1151,4,63,4,4876,14242,No,14,3,80,1,12.9
1210,No,Travel_Rarely,644,4,97,1,9396,12368,No,16,3,80,1,13.5
1211,No,Travel_Rarely,1045,4,32,4,10400,25812,No,11,3,80,0,1.1
1212,No,Non-Travel,829,3,88,3,8474,20925,No,22,4,80,0,1.3
1213,Yes,Travel_Frequently,1242,4,90,3,9981,12916,No,14,3,80,0,1.5
1214,No,Travel_Rarely,1469,2,81,2,12490,15736,No,16,3,80,2,2
1215,Yes,Travel_Rarely,1005,4,88,1,2657,8556,Yes,11,3,80,0,2.2
1216,Yes,Travel_Rarely,896,4,75,4,13591,14674,Yes,18,3,80,0,2.9
1217,No,Travel_Frequently,334,3,52,1,6696,22967,No,15,3,80,0,3
1218,No,Travel_Rarely,992,3,85,3,2058,19757,No,14,3,80,0,3.2
1219,No,Non-Travel,1052,4,57,4,8865,16840,No,12,3,80,0,3.2
1220,No,Travel_Rarely,1147,4,52,1,5940,17011,No,14,3,80,1,3.7
1221,Yes,Travel_Rarely,1396,4,62,2,5914,9945,No,16,3,80,0,3.9
1222,No,Travel_Rarely,147,3,47,2,2622,13248,No,21,4,80,0,4
1223,No,Travel_Frequently,663,2,47,4,12185,10056,Yes,14,3,80,3,4
1224,Yes,Travel_Rarely,119,1,76,3,10609,9647,No,12,3,80,2,4.1
1225,No,Non-Travel,979,3,90,3,4345,4381,No,12,3,80,1,4.5
1226,Yes,Travel_Rarely,142,3,70,4,2177,8456,No,17,3,80,1,4.9
1227,Yes,Travel_Frequently,319,1,41,4,2793,2539,No,17,3,80,1,5.1
1228,No,Travel_Frequently,1413,2,42,4,7918,6599,No,14,3,80,1,5.3
1229,No,Travel_Frequently,944,3,92,3,8789,9096,No,14,3,80,0,5.9
1230,No,Travel_Rarely,896,3,86,4,2389,14961,Yes,13,3,80,0,6
1231,No,Travel_Rarely,1323,3,89,4,3212,3300,No,15,3,80,0,6.8
1232,Yes,Travel_Rarely,532,3,58,4,19232,4933,No,11,3,80,0,7.1
1233,Yes,Travel_Rarely,818,2,52,3,2267,25657,No,17,3,80,0,7.9
1234,No,Travel_Rarely,854,4,68,4,19517,24118,No,11,3,80,1,8.2
1235,Yes,Travel_Rarely,813,3,58,4,2436,22149,Yes,13,3,80,1,8.7
1236,No,Travel_Rarely,1034,4,80,4,16064,7744,Yes,22,4,80,1,9
1237,Yes,Travel_Rarely,465,1,39,1,2707,21509,No,20,4,80,0,9.5
1238,Yes,Non-Travel,771,1,79,3,19068,21030,Yes,18,3,80,0,9.6
1239,No,Travel_Rarely,1401,3,56,2,3931,20990,No,11,3,80,1,10.3
1240,Yes,Travel_Rarely,515,4,62,3,3730,9571,Yes,14,3,80,0,10.5
1241,Yes,Travel_Rarely,1431,3,96,3,2232,15417,No,14,3,80,3,11.2
1242,Yes,Non-Travel,976,3,100,4,4465,12069,No,18,3,80,0,11.5
1243,Yes,Travel_Rarely,1411,3,36,1,3072,19877,No,16,3,80,2,12.3
1244,Yes,Travel_Rarely,1300,1,62,4,3319,24447,No,17,3,80,2,12.9
1245,Yes,Travel_Rarely,252,3,70,4,19202,15970,No,11,3,80,1,13.5
1246,No,Travel_Frequently,1327,2,73,3,13675,13523,No,12,3,80,1,1.1
1247,Yes,Travel_Rarely,832,3,63,4,2911,14776,No,13,3,80,1,1.3
1248,Yes,Travel_Rarely,470,4,84,1,5957,23687,No,13,3,80,1,1.5
1249,Yes,Travel_Rarely,1017,3,83,1,3920,18697,No,14,3,80,1,2
1250,No,Travel_Frequently,1199,1,77,3,6434,5118,No,17,3,80,1,2.2
1251,No,Travel_Frequently,504,1,61,3,10048,22573,No,11,3,80,2,2.9
1252,No,Travel_Frequently,505,3,64,3,10938,6420,No,25,4,80,0,3
1253,No,Travel_Rarely,665,3,60,4,2340,22673,No,19,3,80,0,3.2
1254,No,Travel_Rarely,916,4,82,1,6545,23016,Yes,13,3,80,0,3.2
1255,No,Travel_Rarely,1247,4,45,4,6931,10732,No,14,3,80,1,3.7
1256,No,Travel_Rarely,685,1,62,3,4898,7505,No,12,3,80,2,3.9
1257,Yes,Travel_Rarely,269,4,56,1,2593,8007,Yes,11,3,80,1,4
1258,Yes,Travel_Rarely,1416,1,49,3,19436,5949,No,19,3,80,1,4
1259,Yes,Travel_Rarely,833,3,96,4,2723,23231,No,11,3,80,0,4.1
1260,Yes,Travel_Frequently,307,3,71,2,3479,11652,No,11,3,80,0,4.5
1261,No,Travel_Frequently,1311,2,100,2,2794,26062,No,20,4,80,0,4.9
1262,Yes,Non-Travel,1327,4,39,4,5249,19682,No,18,3,80,1,5.1
1263,No,Travel_Rarely,128,4,84,1,2176,19737,No,13,3,80,0,5.3
1264,Yes,Travel_Rarely,488,3,75,2,16872,14977,Yes,12,3,80,1,5.9
1265,No,Travel_Rarely,529,1,79,3,3485,14935,No,11,3,80,0,6
1266,No,Travel_Rarely,1210,1,78,2,6644,3687,No,19,3,80,2,6.8
1267,Yes,Travel_Rarely,1463,2,64,4,5582,14408,No,21,4,80,1,7.1
1268,Yes,Non-Travel,675,2,85,1,4000,18384,No,12,3,80,2,7.9
1269,Yes,Travel_Rarely,1385,3,79,4,13496,7501,Yes,14,3,80,0,8.2
1270,Yes,Travel_Rarely,1403,4,47,4,3210,20251,No,11,3,80,1,8.7
1271,No,Travel_Rarely,452,4,81,1,19045,18938,Yes,14,3,80,0,9
1272,Yes,Non-Travel,666,1,88,2,11849,10268,Yes,12,3,80,1,9.5
1273,Yes,Travel_Rarely,1158,4,94,4,2070,2613,No,23,4,80,1,9.6
1274,No,Travel_Rarely,228,3,98,4,6502,22825,No,14,3,80,1,10.3
1275,No,Travel_Rarely,996,4,100,3,3230,10531,No,17,3,80,0,10.5
1276,No,Non-Travel,728,1,80,4,13603,11677,Yes,18,3,80,2,11.2
1277,Yes,Travel_Rarely,1315,2,71,2,11996,19100,No,18,3,80,1,11.5
1278,Yes,Travel_Rarely,322,1,44,1,5605,19191,Yes,24,4,80,1,12.3
1279,Yes,Travel_Frequently,1479,3,84,2,6397,26767,No,20,4,80,1,12.9
1280,No,Travel_Rarely,797,1,96,2,19144,15815,No,14,3,80,2,13.5
1281,No,Travel_Rarely,1070,3,45,3,17584,21016,Yes,16,3,80,3,1.1
1282,Yes,Travel_Rarely,635,2,99,3,4907,24532,No,25,4,80,0,1.3
1283,Yes,Travel_Frequently,442,2,44,4,4554,20260,No,18,3,80,0,1.5
1284,No,Travel_Rarely,147,2,37,4,5415,15972,Yes,19,3,80,1,2
1285,No,Travel_Frequently,496,1,60,1,4741,22722,Yes,13,3,80,1,2.2
1286,Yes,Travel_Rarely,1372,4,42,4,2115,15881,No,12,3,80,0,2.9
1287,No,Travel_Frequently,920,4,43,3,3161,19920,Yes,22,4,80,1,3
1288,No,Travel_Rarely,688,4,82,4,5745,18899,No,14,3,80,1,3.2
1289,No,Travel_Rarely,1449,1,45,2,2373,14180,Yes,13,3,80,1,3.2
1290,Yes,Travel_Rarely,1117,4,66,4,3310,4488,No,21,4,80,0,3.7
1291,No,Travel_Frequently,636,3,35,1,18665,25594,Yes,11,3,80,0,3.9
1292,Yes,Travel_Rarely,506,3,30,2,4485,26285,No,12,3,80,0,4
1293,No,Travel_Frequently,444,4,84,2,2789,3909,No,11,3,80,1,4
1294,Yes,Travel_Rarely,950,4,48,4,5828,8450,Yes,12,3,80,0,4.1
1295,Yes,Travel_Frequently,889,2,53,4,2326,11411,Yes,12,3,80,3,4.5
1296,Yes,Travel_Frequently,555,3,77,2,13525,14864,No,14,3,80,1,4.9
1297,Yes,Travel_Rarely,230,3,54,3,1420,25233,No,13,3,80,0,5.1
1298,Yes,Travel_Rarely,1232,3,96,2,8020,5100,No,15,3,80,2,5.3
1299,Yes,Travel_Frequently,566,3,81,4,3688,7122,No,18,3,80,2,5.9
1300,Yes,Travel_Rarely,1302,4,84,2,5482,16321,No,18,3,80,1,6
1301,No,Travel_Rarely,334,4,88,2,16015,15896,No,19,3,80,0,6.8
1302,No,Travel_Rarely,812,4,69,3,1200,9724,No,12,3,80,0,7.1
1303,Yes,Travel_Rarely,1476,2,68,1,5661,4824,No,19,3,80,0,7.9
1304,No,Travel_Rarely,218,2,100,4,6929,12241,No,11,3,80,1,8.2
1305,Yes,Travel_Rarely,1132,3,48,4,9613,10942,No,17,3,80,3,8.7
1306,No,Non-Travel,1105,2,47,2,5674,6927,No,15,3,80,1,9
1307,Yes,Travel_Rarely,906,4,91,3,5484,16985,No,14,3,80,1,9.5
1308,No,Travel_Rarely,849,1,81,2,12061,26707,No,17,3,80,1,9.6
1309,No,Non-Travel,390,4,32,3,5660,17056,Yes,13,3,80,1,10.3
1310,Yes,Travel_Rarely,691,3,86,4,4821,10077,Yes,12,3,80,1,10.5
1311,No,Travel_Rarely,106,1,62,1,6410,17822,No,12,3,80,0,11.2
1312,Yes,Travel_Frequently,1249,1,97,1,5210,20308,No,18,3,80,1,11.5
1313,Yes,Travel_Rarely,192,3,32,4,2695,7747,Yes,18,3,80,1,12.3
1314,Yes,Travel_Frequently,553,4,74,2,11878,23364,No,11,3,80,2,12.9
1315,Yes,Travel_Rarely,117,3,99,1,17068,5355,Yes,14,3,80,0,13.5
1316,Yes,Travel_Frequently,185,3,33,4,2455,10675,No,19,3,80,0,1.1
1317,No,Travel_Rarely,1091,3,90,3,13964,17810,Yes,12,3,80,0,1.3
1318,No,Travel_Rarely,723,3,85,2,4941,17747,No,15,3,80,0,1.5
1319,Yes,Travel_Rarely,1220,3,85,2,2478,20938,Yes,12,3,80,0,2
1320,No,Travel_Rarely,588,3,65,2,5228,24624,Yes,11,3,80,0,2.2
1321,Yes,Travel_Rarely,1377,4,74,3,4478,5242,Yes,11,3,80,0,2.9
1322,No,Travel_Rarely,691,4,73,4,7547,7143,No,12,3,80,3,3
1323,No,Travel_Rarely,1018,1,74,4,5055,10557,No,16,3,80,0,3.2
1324,No,Travel_Rarely,1157,1,84,4,3464,24737,Yes,13,3,80,0,3.2
1325,No,Travel_Rarely,1275,4,64,4,5775,11934,No,13,3,80,2,3.7
1326,No,Travel_Frequently,798,3,48,3,8943,14034,No,24,4,80,1,3.9
1327,Yes,Travel_Frequently,672,3,54,4,19272,21141,No,15,3,80,1,4
1328,Yes,Travel_Rarely,1162,4,41,3,5238,17778,Yes,18,3,80,0,4
1329,Yes,Travel_Frequently,508,2,46,4,4682,4317,No,14,3,80,0,4.1
1330,No,Travel_Rarely,1482,4,42,3,18300,16375,No,11,3,80,1,4.5
1331,Yes,Travel_Frequently,559,3,82,3,5257,6227,No,11,3,80,1,4.9
1332,Yes,Non-Travel,210,3,73,2,6349,22107,Yes,13,3,80,1,5.1
1333,Yes,Travel_Frequently,928,4,31,3,4869,16885,No,12,3,80,0,5.3
1334,No,Travel_Rarely,1001,3,43,1,9985,9262,No,16,3,80,1,5.9
1335,Yes,Travel_Rarely,549,4,75,4,3697,9278,No,14,3,80,2,6
1336,No,Travel_Rarely,1124,2,57,4,7457,13273,Yes,22,4,80,3,6.8
1337,Yes,Travel_Rarely,318,2,77,1,2119,4759,Yes,11,3,80,0,7.1
1338,No,Travel_Rarely,738,2,30,4,3983,7621,No,17,3,80,0,7.9
1339,No,Travel_Rarely,570,4,30,3,6118,5431,No,13,3,80,3,8.2
1340,Yes,Travel_Rarely,1130,2,56,2,6214,3415,No,18,3,80,1,8.7
1341,Yes,Travel_Rarely,1192,4,61,4,6347,23177,No,16,3,80,2,9
1342,No,Travel_Rarely,343,3,92,4,11510,15682,Yes,14,3,80,1,9.5
1343,No,Travel_Rarely,1232,3,39,4,7143,25713,Yes,14,3,80,0,9.6
1344,Yes,Travel_Rarely,144,4,39,2,8268,11866,Yes,14,3,80,2,10.3
1345,Yes,Travel_Rarely,1296,3,62,2,8095,18264,No,13,3,80,0,10.5
1346,Yes,Travel_Rarely,1309,3,83,4,2904,16092,No,12,3,80,2,11.2
1347,Yes,Travel_Rarely,483,4,95,2,6032,10110,Yes,15,3,80,0,11.5
1348,Yes,Travel_Frequently,1309,2,99,3,2976,25751,No,19,3,80,0,12.3
1349,Yes,Travel_Rarely,810,1,44,4,15992,15901,No,14,3,80,0,12.9
1350,Yes,Non-Travel,746,4,61,3,4649,16928,No,14,3,80,1,13.5
1351,No,Travel_Rarely,544,3,52,3,2696,24017,Yes,11,3,80,1,1.1
1352,Yes,Travel_Rarely,1062,3,75,2,2370,3956,No,13,3,80,1,1.3
1353,Yes,Travel_Rarely,530,1,91,3,12504,23978,No,21,4,80,1,1.5
1354,Yes,Travel_Rarely,1319,3,51,1,5974,17001,Yes,13,3,80,2,2
1355,Yes,Non-Travel,641,4,85,3,4736,6069,Yes,12,3,80,1,2.2
1356,Yes,Travel_Rarely,933,3,57,3,5296,20156,No,17,3,80,1,2.9
1357,No,Travel_Rarely,1332,1,98,4,6781,17078,No,23,4,80,0,3
1358,No,Travel_Frequently,756,1,99,2,2174,9150,Yes,11,3,80,0,3.2
1359,No,Non-Travel,845,4,45,4,6653,15276,No,15,3,80,0,3.2
1360,Yes,Travel_Frequently,541,1,48,4,9699,7246,No,11,3,80,1,3.7
1361,Yes,Travel_Rarely,593,4,88,3,6755,2967,No,11,3,80,0,3.9
1362,Yes,Travel_Rarely,1171,4,46,3,2213,22495,Yes,13,3,80,1,4
1363,No,Non-Travel,895,1,39,4,2610,2851,No,24,4,80,0,4
1364,Yes,Travel_Rarely,350,4,34,3,2851,9150,Yes,13,3,80,0,4.1
1365,No,Travel_Rarely,921,3,98,1,3452,17663,No,20,4,80,1,4.5
1366,Yes,Non-Travel,1144,3,30,3,5258,16044,No,14,3,80,0,4.9
1367,No,Travel_Frequently,143,1,56,2,9355,9558,No,18,3,80,0,5.1
1368,No,Travel_Rarely,1046,4,100,4,10496,2755,No,15,3,80,0,5.3
1369,No,Travel_Rarely,575,3,68,3,6380,6110,Yes,12,3,80,2,5.9
1370,Yes,Travel_Rarely,408,3,42,2,2657,7551,Yes,16,3,80,0,6
1371,No,Travel_Rarely,156,3,90,2,2716,25422,No,15,3,80,0,6.8
1372,Yes,Travel_Rarely,1283,4,54,4,2201,18168,No,16,3,80,0,7.1
1373,No,Travel_Rarely,755,3,97,2,6540,19394,No,19,3,80,0,7.9
1374,No,Travel_Rarely,1469,4,82,2,3816,17881,No,11,3,80,1,8.2
1375,No,Travel_Rarely,304,2,92,4,5253,20750,No,16,3,80,0,8.7
1376,No,Travel_Rarely,1261,2,31,3,10965,12066,No,24,4,80,0,9
1377,Yes,Travel_Rarely,1178,3,87,4,4936,14862,No,11,3,80,1,9.5
1378,No,Travel_Rarely,329,4,96,3,2543,11868,No,13,3,80,1,9.6
1379,No,Non-Travel,1362,1,67,4,5304,4652,Yes,13,3,80,0,10.3
1380,Yes,Travel_Rarely,1311,3,97,4,16659,23258,Yes,13,3,80,0,10.5
1381,Yes,Travel_Rarely,1371,4,77,3,4260,5915,Yes,12,3,80,1,11.2
1382,Yes,Travel_Rarely,202,3,72,2,2476,17434,No,18,3,80,1,11.5
1383,Yes,Travel_Frequently,575,3,73,1,3102,6582,No,22,4,80,0,12.3
1384,No,Travel_Rarely,253,1,43,2,2244,24440,No,13,3,80,1,12.9
1385,Yes,Travel_Rarely,164,2,61,3,7596,3809,No,13,3,80,2,13.5
1386,Yes,Travel_Frequently,464,3,40,4,2285,3427,Yes,23,4,80,0,1.1
1387,No,Travel_Rarely,1107,4,95,1,3034,26914,No,12,3,80,1,1.3
1388,Yes,Travel_Rarely,759,4,46,2,5715,22553,No,12,3,80,2,1.5
1389,No,Travel_Rarely,201,2,95,1,2576,20490,No,16,3,80,1,2
1390,No,Travel_Rarely,1305,3,49,2,4197,21123,Yes,12,3,80,0,2.2
1391,Yes,Travel_Rarely,982,1,59,2,14336,4345,No,11,3,80,1,2.9
1392,Yes,Travel_Rarely,555,2,78,3,3448,13436,No,22,4,80,1,3
1393,No,Travel_Rarely,821,1,86,1,19406,8509,No,11,3,80,1,3.2
1394,Yes,Non-Travel,1381,3,72,3,6538,12740,No,15,3,80,1,3.2
1395,No,Travel_Rarely,480,2,31,1,4306,4156,No,12,3,80,1,3.7
1396,Yes,Travel_Frequently,313,4,61,4,2258,15238,No,20,4,80,1,3.9
1397,Yes,Travel_Rarely,1473,3,74,3,4522,2227,Yes,14,3,80,0,4
1398,No,Travel_Rarely,891,2,99,4,4487,12090,Yes,11,3,80,0,4
1399,No,Non-Travel,1063,2,72,3,4449,23866,Yes,15,3,80,2,4.1
1400,Yes,Travel_Rarely,329,4,98,1,2218,16193,No,12,3,80,1,4.5
1401,No,Travel_Frequently,1218,2,52,3,19197,8213,Yes,14,3,80,1,4.9
1402,No,Travel_Frequently,906,3,86,1,13212,18256,No,11,3,80,3,5.1
1403,Yes,Travel_Rarely,1082,2,83,3,6577,19558,No,11,3,80,0,5.3
1404,No,Travel_Rarely,645,2,49,1,8392,19566,No,16,3,80,1,5.9
1405,No,Travel_Rarely,1300,3,79,1,4558,13535,No,12,3,80,1,6
1406,Yes,Travel_Rarely,688,1,91,1,4031,9396,No,13,3,80,1,6.8
1407,Yes,Travel_Rarely,319,4,39,3,7969,19609,Yes,14,3,80,0,7.1
1408,Yes,Travel_Rarely,192,1,69,4,2654,9655,No,21,4,80,2,7.9
1409,Yes,Travel_Rarely,1490,4,30,4,16555,10310,No,13,3,80,0,8.2
1410,No,Travel_Frequently,532,1,92,3,4556,12932,No,11,3,80,1,8.7
1411,Yes,Travel_Rarely,317,3,43,4,6091,24793,No,20,4,80,0,9
1412,Yes,Travel_Rarely,422,1,41,1,19566,3854,No,11,3,80,0,9.5
1413,No,Travel_Rarely,1485,3,87,3,4810,26314,No,14,3,80,1,9.6
1414,Yes,Travel_Frequently,1368,4,88,4,4523,4386,No,11,3,80,3,10.3
1415,No,Travel_Rarely,1448,1,62,2,3202,21972,Yes,16,3,80,0,10.5
1416,Yes,Travel_Frequently,296,4,33,3,2351,12253,No,16,3,80,1,11.2
1417,Yes,Travel_Frequently,1490,4,42,4,1702,12106,Yes,23,4,80,1,11.5
1418,Yes,Travel_Rarely,1398,3,79,3,18041,13022,No,14,3,80,0,12.3
1419,No,Travel_Rarely,1349,1,90,4,2886,3032,No,22,4,80,2,12.9
1420,Yes,Non-Travel,1400,3,53,4,2097,16734,No,15,3,80,1,13.5
1421,Yes,Travel_Rarely,986,2,93,3,11935,21526,No,18,3,80,0,1.1
1422,No,Travel_Rarely,408,3,71,2,2546,18300,No,16,3,80,0,1.3
1423,No,Travel_Rarely,489,1,52,4,2564,18437,No,12,3,80,0,1.5
1424,Yes,Non-Travel,1398,3,69,1,8412,2890,No,11,3,80,0,2
1425,Yes,Travel_Rarely,210,1,56,4,14118,22102,No,12,3,80,1,2.2
1426,Yes,Travel_Rarely,1099,2,88,3,17046,9314,No,15,3,80,1,2.9
1427,Yes,Non-Travel,1116,3,49,4,2564,7181,No,14,3,80,0,3
1428,Yes,Travel_Frequently,1499,3,80,1,10266,2845,No,19,3,80,0,3.2
1429,Yes,Travel_Rarely,983,1,65,4,5070,7389,No,13,3,80,3,3.2
1430,Yes,Travel_Rarely,1009,1,51,3,17861,2288,No,13,3,80,0,3.7
1431,Yes,Travel_Rarely,144,4,46,3,4230,19225,No,15,3,80,0,3.9
1432,No,Travel_Rarely,548,3,42,3,3780,23428,No,11,3,80,0,4
1433,Yes,Travel_Rarely,1303,4,62,3,2768,8416,No,12,3,80,1,4
1434,Yes,Travel_Rarely,1125,3,94,4,9071,11563,Yes,19,3,80,1,4.1
1435,No,Travel_Rarely,1274,3,33,2,10648,14394,No,25,4,80,1,4.5
1436,Yes,Travel_Rarely,1277,2,56,3,13610,24619,Yes,12,3,80,0,4.9
1437,No,Travel_Rarely,587,1,38,4,3408,6705,No,13,3,80,3,5.1
1438,Yes,Travel_Rarely,413,4,57,2,2983,18398,No,14,3,80,0,5.3
1439,Yes,Travel_Rarely,1276,4,72,3,7632,14295,Yes,12,3,80,0,5.9
1440,Yes,Travel_Frequently,534,1,66,3,9824,22908,No,12,3,80,0,6
1441,No,Travel_Frequently,988,2,43,1,9950,11533,Yes,15,3,80,3,6.8
1442,No,Travel_Frequently,1474,2,97,3,2093,9260,No,17,3,80,1,7.1
1443,Yes,Non-Travel,635,2,32,4,9980,15318,No,14,3,80,0,7.9
1444,Yes,Travel_Frequently,1368,3,99,3,3894,9129,No,16,3,80,0,8.2
1445,No,Travel_Rarely,163,2,37,4,4051,19658,No,14,3,80,1,8.7
1446,Yes,Travel_Rarely,1117,1,83,2,16835,9873,No,23,4,80,0,9
1447,Yes,Non-Travel,267,4,56,4,6230,13430,No,14,3,80,0,9.5
1448,No,Travel_Rarely,619,2,85,3,4717,18659,No,11,3,80,0,9.6
1449,No,Travel_Rarely,302,2,75,3,13237,20364,No,15,3,80,0,10.3
1450,No,Travel_Frequently,443,3,48,3,3755,17872,No,11,3,80,1,10.5
1451,Yes,Travel_Rarely,828,2,77,4,6582,8346,Yes,13,3,80,0,11.2
1452,Yes,Travel_Rarely,319,4,56,1,7406,6950,Yes,21,4,80,1,11.5
1453,Yes,Travel_Rarely,561,4,61,2,4805,16177,No,19,3,80,1,12.3
1454,Yes,Travel_Frequently,426,2,58,3,2741,22808,Yes,11,3,80,1,12.9
1455,No,Travel_Rarely,232,4,34,4,4262,22645,No,12,3,80,2,13.5
1456,No,Travel_Rarely,922,1,95,3,16184,22578,No,19,3,80,1,1.1
1457,Yes,Travel_Rarely,688,3,44,4,11557,25291,No,21,4,80,1,1.3
1458,No,Travel_Frequently,1306,2,69,2,1878,8059,Yes,14,3,80,0,1.5
1459,No,Non-Travel,1094,3,58,1,10932,11373,No,15,3,80,1,2
1460,No,Non-Travel,509,1,62,3,6811,2112,Yes,17,3,80,0,2.2
1461,Yes,Travel_Rarely,775,1,45,3,4306,4267,No,12,3,80,2,2.9
1462,Yes,Travel_Rarely,195,1,80,3,4859,6698,No,16,3,80,0,3
1463,Yes,Travel_Rarely,258,4,74,4,5337,19921,No,12,3,80,0,3.2
1464,Yes,Travel_Rarely,471,3,66,4,2340,23213,Yes,18,3,80,0,3.2
1465,No,Travel_Rarely,799,2,59,4,7491,23848,No,17,3,80,0,3.7
1466,No,Travel_Frequently,1034,1,86,3,10527,8984,No,11,3,80,0,3.9
1467,Yes,Travel_Rarely,1276,2,91,1,16595,5626,No,16,3,80,1,4
1468,No,Non-Travel,142,1,69,2,8834,24666,No,13,3,80,1,4
1469,Yes,Travel_Rarely,956,4,78,1,5577,22087,Yes,12,3,80,2,4.1
1470,Yes,Non-Travel,1474,4,60,3,4707,23914,No,12,3,80,0,4.5
1471,Yes,Travel_Frequently,535,4,38,4,2400,5530,No,13,3,80,2,4.9
1472,Yes,Travel_Rarely,1495,3,76,3,9824,22174,No,19,3,80,1,5.1
1473,Yes,Travel_Rarely,446,2,65,2,6447,15701,No,12,3,80,1,5.3
1474,No,Travel_Rarely,1245,4,58,3,19502,2125,Yes,17,3,80,1,5.9
1475,No,Travel_Rarely,691,2,89,4,2725,21630,Yes,11,3,80,2,6
1476,Yes,Travel_Rarely,703,1,66,2,6272,7428,No,20,4,80,2,6.8
1477,No,Travel_Rarely,823,4,94,2,2127,9100,No,21,4,80,1,7.1
1478,No,Travel_Frequently,1246,1,99,2,18200,7999,No,11,3,80,1,7.9
1479,Yes,Travel_Rarely,622,2,40,3,2096,26376,No,11,3,80,0,8.2
1480,No,Travel_Frequently,1287,1,55,3,2886,14168,Yes,16,3,80,1,8.7
1481,No,Travel_Frequently,448,2,74,1,2033,14470,No,18,3,80,1,9
1482,Yes,Travel_Rarely,254,2,83,4,3622,22794,Yes,13,3,80,1,9.5
1483,Yes,Travel_Rarely,1365,2,46,1,4233,11512,No,17,3,80,0,9.6
1484,Yes,Travel_Rarely,538,1,54,4,3681,14004,No,14,3,80,0,10.3
1485,No,Travel_Rarely,525,1,66,4,5460,6219,No,22,4,80,2,10.5
1486,Yes,Travel_Rarely,798,1,66,3,2187,5013,No,12,3,80,2,11.2
1487,Yes,Travel_Rarely,558,4,75,3,9602,3010,Yes,11,3,80,1,11.5
1488,Yes,Travel_Rarely,959,4,83,2,2836,11757,No,13,3,80,0,12.3
1489,No,Travel_Rarely,622,3,81,4,4089,5718,No,13,3,80,2,12.9
1490,No,Travel_Rarely,782,2,50,4,16627,2671,Yes,14,3,80,1,13.5
1491,Yes,Travel_Rarely,362,3,43,1,2619,14561,No,17,3,80,0,1.1
1492,Yes,Travel_Frequently,1001,4,72,3,5679,19627,Yes,13,3,80,1,1.3
1493,No,Travel_Rarely,1236,4,40,1,15402,17997,No,11,3,80,1,1.5
1494,Yes,Travel_Rarely,1112,1,50,3,5985,26894,No,11,3,80,0,2
1495,Yes,Travel_Rarely,204,3,31,3,2579,2912,Yes,18,3,80,2,2.2
1496,No,Travel_Rarely,1420,3,85,1,3041,16346,No,11,3,80,1,2.9
1497,Yes,Travel_Rarely,1343,3,49,3,3447,24444,No,11,3,80,0,3
1498,No,Travel_Rarely,1315,4,35,4,19513,9358,Yes,12,3,80,1,3.2
1499,Yes,Travel_Rarely,604,1,69,3,2773,12145,No,20,4,80,0,3.2
1500,No,Travel_Rarely,1216,3,39,3,7104,20431,No,12,3,80,0,3.7
1501,Yes,Travel_Rarely,646,1,92,4,6322,18089,Yes,12,3,80,1,3.9
1502,Yes,Travel_Frequently,160,3,71,3,2083,22653,No,20,4,80,1,4
1503,Yes,Travel_Rarely,238,4,34,1,8381,7507,No,20,4,80,0,4
1504,No,Travel_Rarely,1397,2,42,4,2691,7660,No,12,3,80,1,4.1
1505,No,Travel_Frequently,306,1,100,1,4286,5630,No,14,3,80,2,4.5
1506,No,Travel_Rarely,991,3,71,4,2659,17759,Yes,13,3,80,1,4.9
1507,No,Travel_Rarely,482,3,36,3,9434,9606,No,15,3,80,1,5.1
1508,Yes,Travel_Rarely,1176,2,62,3,5561,3487,No,14,3,80,1,5.3
1509,No,Travel_Rarely,1017,2,82,4,6646,19368,No,13,3,80,0,5.9
1510,Yes,Travel_Frequently,1296,3,30,4,7725,5335,No,23,4,80,1,6
1511,No,Travel_Rarely,397,3,88,2,10725,6729,No,15,3,80,1,6.8
1512,No,Travel_Rarely,913,2,48,2,8847,13934,Yes,11,3,80,1,7.1
1513,No,Travel_Rarely,1115,1,54,4,2045,15174,No,13,3,80,0,7.9
1514,No,Travel_Rarely,1362,4,32,3,1009,26999,Yes,11,3,80,0,8.2
1515,No,Travel_Frequently,1076,1,70,1,3348,3164,Yes,11,3,80,0,8.7
1516,Yes,Non-Travel,727,3,41,3,1281,16900,No,18,3,80,2,9
1517,Yes,Travel_Rarely,885,1,58,1,2819,8544,No,16,3,80,1,9.5
1518,No,Travel_Rarely,810,4,57,2,4851,15678,No,22,4,80,1,9.6
1519,No,Travel_Rarely,243,4,46,4,4028,7791,No,20,4,80,0,10.3
1520,No,Travel_Frequently,806,2,76,4,2720,18959,No,18,3,80,1,10.5
1521,Yes,Travel_Rarely,817,2,56,2,8120,18597,No,12,3,80,0,11.2
1522,Yes,Travel_Frequently,1410,4,71,4,4647,16673,Yes,20,4,80,2,11.5
1523,Yes,Travel_Rarely,1225,4,80,4,4680,15232,No,17,3,80,0,12.3
1524,No,Travel_Rarely,1207,4,74,3,3221,3297,Yes,11,3,80,3,12.9
1525,Yes,Travel_Rarely,1442,4,46,2,8621,17654,No,14,3,80,0,13.5
1526,No,Travel_Rarely,693,1,65,3,4577,24785,No,14,3,80,0,1.1
1527,No,Travel_Rarely,408,4,80,3,4553,20978,No,11,3,80,0,1.3
1528,No,Travel_Rarely,929,4,55,4,5396,21703,No,12,3,80,0,1.5
1529,Yes,Travel_Frequently,562,2,50,3,6796,23452,Yes,14,3,80,1,2
1530,Yes,Travel_Rarely,827,2,33,4,7625,19383,No,13,3,80,0,2.2
1531,No,Travel_Rarely,608,3,68,1,7412,6009,No,11,3,80,0,2.9
1532,No,Travel_Rarely,1018,3,39,4,11159,19373,No,15,3,80,0,3
1533,Yes,Travel_Rarely,703,4,42,1,4960,11825,No,12,3,80,0,3.2
1534,No,Travel_Frequently,580,4,48,1,10475,23772,Yes,21,4,80,1,3.2
1535,No,Travel_Rarely,970,3,59,3,14814,13514,No,19,3,80,0,3.7
1536,No,Travel_Rarely,427,2,73,4,19141,8861,No,15,3,80,3,3.9
1537,No,Travel_Rarely,1179,1,84,1,5405,11924,No,14,3,80,0,4
1538,Yes,Travel_Frequently,294,4,32,1,8793,4809,No,21,4,80,2,4
1539,No,Travel_Rarely,314,4,59,3,19189,19562,No,12,3,80,1,4.1
1540,Yes,Travel_Rarely,316,4,54,2,3875,9983,No,15,3,80,1,4.5
1541,Yes,Travel_Rarely,654,1,67,2,2216,3872,Yes,13,3,80,0,4.9
1542,No,Non-Travel,427,1,63,1,11713,20335,No,14,3,80,1,5.1
1543,No,Travel_Rarely,168,3,81,3,7861,15397,Yes,14,3,80,0,5.3
1544,Yes,Non-Travel,381,1,49,3,3708,2104,No,14,3,80,0,5.9
1545,No,Travel_Frequently,217,4,49,3,13770,10225,Yes,12,3,80,2,6
1546,No,Travel_Rarely,501,3,99,4,5304,25275,No,23,4,80,1,6.8
1547,Yes,Travel_Rarely,1396,3,99,3,2642,2755,No,11,3,80,0,7.1
1548,Yes,Travel_Frequently,933,3,57,3,2759,20366,Yes,12,3,80,0,7.9
1549,Yes,Travel_Frequently,775,4,47,4,6804,23683,No,18,3,80,1,8.2
1550,No,Travel_Rarely,970,2,96,3,6142,7360,No,11,3,80,0,8.7
1551,No,Travel_Rarely,650,2,37,1,2500,4344,No,14,3,80,1,9
1552,No,Travel_Rarely,141,3,44,2,6389,18767,No,15,3,80,1,9.5
1553,Yes,Travel_Rarely,832,3,81,4,11103,20420,No,11,3,80,0,9.6
1554,No,Travel_Rarely,804,4,86,4,2342,22929,Yes,20,4,80,0,10.3
1555,Yes,Travel_Rarely,975,4,55,1,6811,23398,No,19,3,80,0,10.5
1556,No,Travel_Rarely,1090,4,83,2,2297,17967,No,14,3,80,2,11.2
1557,No,Travel_Rarely,346,4,86,4,2450,10919,No,17,3,80,0,11.5
1558,Yes,Non-Travel,1225,4,61,1,5093,4761,No,11,3,80,1,12.3
1559,Yes,Travel_Frequently,430,1,80,4,5309,21146,No,15,3,80,2,12.9
1560,No,Travel_Rarely,268,4,92,3,3057,20471,Yes,13,3,80,1,13.5
1561,Yes,Travel_Rarely,167,2,32,1,5121,4187,No,14,3,80,1,1.1
1562,Yes,Travel_Rarely,621,3,31,1,16856,10084,No,11,3,80,0,1.3
1563,No,Travel_Rarely,527,4,63,4,2686,5207,Yes,13,3,80,0,1.5
1564,Yes,Travel_Rarely,883,3,32,4,6180,22807,No,23,4,80,0,2
1565,No,Travel_Rarely,954,2,46,3,6632,12388,No,13,3,80,0,2.2
1566,Yes,Travel_Rarely,310,1,79,3,3505,19630,No,18,3,80,0,2.9
1567,No,Travel_Frequently,719,2,77,3,6397,10339,Yes,12,3,80,0,3
1568,No,Travel_Rarely,304,4,60,4,6274,18686,No,22,4,80,0,3.2
1569,Yes,Travel_Rarely,725,4,78,1,19859,21199,Yes,13,3,80,1,3.2
1570,No,Non-Travel,1434,1,76,1,7587,14229,No,15,3,80,0,3.7
1571,No,Non-Travel,715,4,41,4,4258,26589,No,18,3,80,1,3.9
1572,Yes,Travel_Frequently,575,1,71,4,4364,5288,No,14,3,80,1,4
1573,Yes,Travel_Rarely,657,2,66,3,4335,25549,No,12,3,80,1,4
1574,Yes,Travel_Rarely,1146,4,38,1,5326,3064,No,17,3,80,0,4.1
1575,No,Travel_Rarely,182,2,72,4,3280,13551,No,16,3,80,0,4.5
1576,Yes,Travel_Rarely,376,4,95,1,5485,22670,Yes,11,3,80,2,4.9
1577,Yes,Travel_Frequently,829,3,84,4,4342,24008,No,19,3,80,1,5.1
1578,Yes,Travel_Rarely,571,4,82,1,2782,19905,Yes,13,3,80,2,5.3
1579,No,Travel_Frequently,240,1,75,1,5980,26085,Yes,12,3,80,0,5.9
1580,Yes,Travel_Rarely,121,3,86,1,4381,7530,No,11,3,80,0,6
1581,Yes,Travel_Rarely,384,1,72,4,2572,20317,No,16,3,80,1,6.8
1582,Yes,Travel_Rarely,921,4,38,3,3833,24375,No,21,4,80,2,7.1
1583,Yes,Travel_Frequently,791,3,38,2,4244,9931,No,24,4,80,1,7.9
1584,Yes,Travel_Rarely,1111,3,93,1,6500,13305,No,17,3,80,1,8.2
1585,Yes,Travel_Frequently,570,2,66,4,18430,16225,No,13,3,80,1,8.7
1586,Yes,Travel_Rarely,1243,3,63,1,1601,3445,Yes,21,4,80,2,9
1587,No,Non-Travel,1092,3,60,2,2694,26551,No,11,3,80,3,9.5
1588,Yes,Travel_Rarely,1325,4,82,3,3149,21821,No,20,4,80,1,9.6
1589,No,Travel_Rarely,691,3,64,3,17639,6881,No,16,3,80,0,10.3
1590,Yes,Travel_Rarely,805,2,36,1,2319,6689,Yes,11,3,80,1,10.5
1591,Yes,Travel_Rarely,213,3,49,3,11691,25995,No,11,3,80,0,11.2
1592,Yes,Travel_Rarely,118,1,69,1,5324,26507,No,15,3,80,0,11.5
1593,Yes,Travel_Rarely,202,3,33,4,16752,12982,Yes,11,3,80,1,12.3
1594,Yes,Travel_Rarely,676,3,35,2,5228,23361,No,15,3,80,1,12.9
1595,Yes,Travel_Rarely,1252,3,81,3,2700,23779,No,24,4,80,1,13.5
1596,No,Travel_Rarely,286,4,31,2,19246,25761,Yes,12,3,80,0,1.1
1597,Yes,Travel_Rarely,1258,4,40,3,2506,13301,No,13,3,80,0,1.3
1598,Yes,Travel_Rarely,932,4,43,4,6062,4051,Yes,13,3,80,1,1.5
1599,Yes,Travel_Rarely,890,3,46,3,4382,16374,No,17,3,80,0,2
1600,Yes,Travel_Rarely,1041,3,36,2,2143,25527,No,13,3,80,1,2.2
1601,Yes,Travel_Rarely,859,3,98,3,6162,19124,No,12,3,80,1,2.9
1602,Yes,Travel_Frequently,720,1,51,3,5094,11983,No,14,3,80,0,3
1603,No,Travel_Rarely,946,3,52,4,6877,20234,Yes,24,4,80,0,3.2
1604,No,Travel_Rarely,252,2,95,3,2274,6153,No,14,3,80,0,3.2
1605,No,Travel_Rarely,933,2,98,2,4434,11806,No,13,3,80,1,3.7
1606,Yes,Travel_Frequently,471,1,45,1,6288,4284,No,15,3,80,1,3.9
1607,No,Travel_Frequently,702,3,100,4,2553,8306,No,16,3,80,0,4
1608,No,Travel_Rarely,1184,3,43,4,7654,5860,No,18,3,80,2,4
1609,No,Travel_Rarely,436,3,37,4,5160,21519,No,16,3,80,0,4.1
1610,Yes,Travel_Rarely,589,2,94,1,17159,5200,No,24,4,80,1,4.5
1611,Yes,Travel_Rarely,269,3,42,4,12808,8842,Yes,16,3,80,1,4.9
1612,No,Travel_Rarely,950,3,59,3,10221,18869,No,21,4,80,0,5.1
1613,Yes,Travel_Rarely,760,2,81,2,4779,3698,Yes,20,4,80,0,5.3
1614,Yes,Travel_Rarely,829,3,88,4,3737,2243,No,19,3,80,1,5.9
1615,Yes,Travel_Frequently,887,3,88,3,2366,20898,Yes,14,3,80,1,6
1616,No,Non-Travel,443,4,50,4,1706,16571,No,11,3,80,3,6.8
1617,Yes,Travel_Rarely,1318,1,66,3,16307,5594,No,14,3,80,1,7.1
1618,No,Travel_Rarely,625,4,50,2,5933,5197,No,12,3,80,0,7.9
1619,Yes,Travel_Rarely,180,1,65,1,3424,21632,No,13,3,80,0,8.2
1620,Yes,Travel_Rarely,586,1,48,1,4037,21816,No,22,4,80,1,8.7
1621,No,Travel_Rarely,1343,3,53,1,2559,17852,No,11,3,80,0,9
1622,No,Travel_Rarely,928,2,56,4,6201,2823,Yes,14,3,80,1,9.5
1623,Yes,Travel_Rarely,117,2,73,4,4403,9250,No,11,3,80,1,9.6
1624,No,Travel_Frequently,1012,2,75,4,3761,2373,No,12,3,80,1,10.3
1625,Yes,Travel_Rarely,661,1,78,4,10934,20715,Yes,18,3,80,1,10.5
1626,Yes,Travel_Rarely,930,4,74,1,10761,19239,Yes,12,3,80,1,11.2
1627,Yes,Travel_Rarely,638,3,91,3,5175,22162,No,12,3,80,1,11.5
1628,No,Travel_Frequently,890,3,81,4,13826,19028,No,22,4,80,0,12.3
1629,No,Travel_Rarely,342,4,66,3,6334,24558,No,19,3,80,2,12.9
1630,No,Travel_Rarely,1169,2,63,4,4936,23965,No,13,3,80,1,13.5
1631,No,Travel_Rarely,1230,4,33,4,4775,19146,No,22,4,80,2,1.1
1632,No,Travel_Rarely,986,1,62,4,2818,5044,Yes,24,4,80,1,1.3
1633,No,Travel_Frequently,1271,2,35,4,2515,9068,Yes,14,3,80,0,1.5
1634,Yes,Travel_Rarely,1278,1,77,1,2342,8635,No,21,4,80,0,2
1635,No,Travel_Rarely,141,3,98,1,4194,14363,Yes,18,3,80,0,2.2
1636,Yes,Travel_Rarely,607,4,66,3,10685,23457,Yes,20,4,80,1,2.9
1637,No,Travel_Frequently,130,4,96,2,2022,16612,Yes,19,3,80,1,3
1638,Yes,Non-Travel,300,4,61,4,2314,9148,No,12,3,80,1,3.2
1639,No,Travel_Rarely,583,3,87,1,4256,18154,No,12,3,80,0,3.2
1640,Yes,Travel_Rarely,1418,3,36,1,3580,10554,No,16,3,80,1,3.7
1641,No,Non-Travel,1269,1,46,4,3162,10778,No,17,3,80,0,3.9
1642,No,Travel_Frequently,379,2,48,2,6524,8891,No,14,3,80,1,4
1643,Yes,Travel_Rarely,395,2,98,2,2899,12102,No,19,3,80,1,4
1644,Yes,Travel_Rarely,1265,3,95,4,5231,23726,Yes,13,3,80,1,4.1
1645,Yes,Travel_Rarely,1222,4,48,4,2356,14871,Yes,19,3,80,1,4.5
1646,No,Travel_Rarely,341,2,48,3,2800,23522,Yes,19,3,80,3,4.9
1647,No,Travel_Rarely,868,1,73,4,11836,22789,No,14,3,80,1,5.1
1648,Yes,Travel_Rarely,672,4,78,2,10903,9129,No,16,3,80,0,5.3
1649,Yes,Travel_Frequently,1231,3,54,4,2973,21222,No,15,3,80,1,5.9
1650,Yes,Travel_Rarely,102,4,72,4,14275,20206,No,18,3,80,0,6
1651,No,Travel_Frequently,422,4,33,4,5562,21782,No,13,3,80,1,6.8
1652,Yes,Travel_Rarely,249,3,35,4,4537,17783,Yes,22,4,80,1,7.1
1653,Yes,Non-Travel,1252,1,32,2,7642,4814,Yes,13,3,80,0,7.9
1654,No,Non-Travel,881,1,98,1,17924,4544,No,11,3,80,1,8.2
1655,Yes,Travel_Rarely,1383,4,42,4,5204,7790,No,11,3,80,2,8.7
1656,Yes,Travel_Rarely,1075,4,57,2,2277,22650,Yes,11,3,80,1,9
1657,No,Travel_Rarely,374,1,87,4,2795,18016,Yes,24,4,80,0,9.5
1658,No,Travel_Rarely,1086,1,62,4,2532,6054,No,14,3,80,3,9.6
1659,No,Travel_Rarely,661,2,61,1,2559,7508,Yes,13,3,80,0,10.3
1660,Yes,Travel_Rarely,821,1,98,4,4908,24252,No,14,3,80,0,10.5
1661,Yes,Travel_Frequently,781,4,57,4,2380,13384,Yes,14,3,80,1,11.2
1662,Yes,Travel_Rarely,177,1,55,2,4765,23814,No,21,4,80,1,11.5
1663,Yes,Travel_Rarely,500,3,49,3,2044,22052,No,13,3,80,0,12.3
1664,No,Travel_Rarely,1427,4,65,4,2693,8870,No,19,3,80,0,12.9
1665,Yes,Travel_Rarely,1425,3,68,4,6586,4821,Yes,17,3,80,1,13.5
1666,No,Travel_Rarely,1454,4,65,4,3294,13137,Yes,18,3,80,0,1.1
1667,No,Travel_Rarely,617,2,34,3,4171,10022,Yes,19,3,80,1,1.3
1668,No,Travel_Rarely,1085,2,57,4,2778,17725,Yes,13,3,80,1,1.5
1669,No,Travel_Rarely,995,3,77,3,2377,9834,No,18,3,80,1,2
1670,Yes,Travel_Rarely,1122,4,70,1,2404,4303,Yes,21,4,80,0,2.2
1671,Yes,Travel_Rarely,618,2,76,3,2318,17808,No,19,3,80,0,2.9
1672,Yes,Travel_Rarely,546,2,83,2,2008,6896,No,14,3,80,2,3
1673,Yes,Travel_Rarely,462,3,68,3,6244,7824,No,17,3,80,0,3.2
1674,No,Travel_Rarely,1198,3,100,1,2799,3339,Yes,11,3,80,0,3.2
1675,No,Travel_Rarely,1272,3,37,2,10552,9255,Yes,13,3,80,1,3.7
1676,No,Travel_Rarely,154,2,41,3,2329,11737,No,15,3,80,0,3.9
1677,Yes,Travel_Rarely,1137,4,51,4,4014,19170,Yes,25,4,80,1,4
1678,No,Travel_Rarely,527,1,51,2,7403,22477,No,11,3,80,1,4
1679,Yes,Travel_Rarely,1469,4,51,3,2259,5543,No,17,3,80,2,4.1
1680,No,Non-Travel,1188,4,45,3,6932,24406,No,13,3,80,1,4.5
1681,No,Travel_Rarely,188,2,65,4,4678,23293,No,18,3,80,0,4.9
1682,No,Travel_Rarely,1333,4,80,1,13582,16292,No,13,3,80,1,5.1
1683,Yes,Non-Travel,1184,3,70,2,2332,3974,No,20,4,80,0,5.3
1684,No,Travel_Rarely,867,3,36,2,2413,18798,Yes,18,3,80,3,5.9
1685,Yes,Travel_Rarely,658,1,67,2,9705,20652,No,12,3,80,1,6
1686,No,Travel_Frequently,1283,3,52,1,4294,11148,No,12,3,80,0,6.8
1687,No,Travel_Rarely,263,4,59,1,4721,3119,Yes,13,3,80,0,7.1
1688,No,Travel_Rarely,938,3,79,3,2519,12287,No,21,4,80,0,7.9
1689,No,Travel_Rarely,419,4,37,2,2121,9947,Yes,13,3,80,0,8.2
1690,Yes,Travel_Rarely,129,1,84,1,2973,13008,No,19,3,80,0,8.7
1691,Yes,Travel_Rarely,616,4,41,4,5855,17369,Yes,11,3,80,2,9
1692,Yes,Travel_Frequently,1469,4,35,2,3617,25063,Yes,14,3,80,1,9.5
1693,Yes,Travel_Rarely,498,3,93,1,6725,13554,No,12,3,80,1,9.6
1694,No,Travel_Rarely,530,3,51,4,10325,5518,Yes,11,3,80,1,10.3
1695,No,Travel_Rarely,1069,2,42,4,6949,12291,No,14,3,80,0,10.5
1696,Yes,Travel_Rarely,625,1,46,3,10609,14922,No,11,3,80,0,11.2
1697,No,Non-Travel,805,3,57,2,4447,23163,No,12,3,80,0,11.5
1698,Yes,Travel_Frequently,1404,3,84,4,2157,18203,No,15,3,80,1,12.3
1699,No,Travel_Rarely,1219,3,86,3,4601,6179,No,16,3,80,0,12.9
1700,Yes,Travel_Rarely,1053,4,70,4,17099,13829,No,15,3,80,1,13.5
1701,No,Travel_Rarely,289,4,51,3,2479,26227,No,24,4,80,0,1.1
1702,No,Travel_Rarely,1376,3,45,3,14852,13938,No,13,3,80,1,1.3
1703,Yes,Travel_Rarely,231,3,62,3,7264,9977,No,11,3,80,1,1.5
1704,No,Non-Travel,152,3,85,4,5666,19899,Yes,13,3,80,0,2
1705,No,Travel_Rarely,882,4,92,4,7823,6812,No,13,3,80,1,2.2
1706,Yes,Travel_Rarely,903,1,41,3,7880,2560,No,18,3,80,0,2.9
1707,Yes,Non-Travel,1479,2,100,2,13194,17071,Yes,16,3,80,0,3
1708,Yes,Travel_Frequently,1379,3,64,3,5067,6759,Yes,19,3,80,0,3.2
1709,No,Non-Travel,1229,1,84,4,5079,25952,No,13,3,80,2,3.2
1710,No,Non-Travel,335,3,46,1,2321,10322,Yes,22,4,80,0,3.7
1711,No,Non-Travel,722,4,38,3,17444,20489,No,11,3,80,0,3.9
1712,Yes,Travel_Rarely,906,4,92,1,2404,11479,Yes,20,4,80,0,4
1713,Yes,Travel_Rarely,461,2,53,4,3452,17241,No,18,3,80,0,4
1714,No,Travel_Rarely,974,4,91,4,2270,11005,No,14,3,80,2,4.1
1715,No,Travel_Rarely,1126,4,66,4,17399,6615,No,22,4,80,1,4.5
1716,No,Travel_Frequently,827,3,84,2,5488,20161,Yes,13,3,80,1,4.9
1717,Yes,Travel_Frequently,840,1,64,3,19419,3735,No,17,3,80,1,5.1
1718,No,Travel_Rarely,1134,3,37,2,2811,12086,No,14,3,80,1,5.3
1719,No,Non-Travel,248,4,42,1,3633,14039,Yes,15,3,80,1,5.9
1720,No,Travel_Rarely,955,4,83,4,4163,8571,Yes,17,3,80,0,6
1721,Yes,Travel_Rarely,138,1,48,3,2132,11539,Yes,11,3,80,0,6.8
1722,No,Travel_Rarely,939,4,95,3,13973,4161,Yes,18,3,80,1,7.1
1723,No,Travel_Frequently,1391,3,66,3,2684,12127,No,17,3,80,1,7.9
1724,No,Travel_Rarely,566,4,75,3,10845,24208,No,13,3,80,1,8.2
1725,No,Travel_Rarely,1206,4,41,3,4377,24117,No,15,3,80,2,8.7
1726,No,Travel_Rarely,622,3,39,2,3743,10074,Yes,24,4,80,1,9
1727,Yes,Travel_Frequently,853,3,96,1,4148,11275,No,12,3,80,1,9.5
1728,Yes,Non-Travel,287,2,73,4,1051,13493,No,15,3,80,0,9.6
1729,Yes,Travel_Rarely,1441,3,56,3,10739,13943,No,11,3,80,1,10.3
1730,Yes,Travel_Rarely,583,3,57,3,10388,6975,Yes,11,3,80,1,10.5
1731,No,Travel_Rarely,153,2,73,1,11416,17802,Yes,12,3,80,3,11.2
1732,Yes,Travel_Rarely,1097,4,98,1,2600,18275,Yes,15,3,80,0,11.5
1733,No,Travel_Frequently,109,2,60,2,2422,25725,No,17,3,80,0,12.3
1734,Yes,Travel_Rarely,1066,4,32,4,5472,3334,No,12,3,80,0,12.9
1735,No,Travel_Rarely,217,2,94,1,2451,6881,No,15,3,80,1,13.5
1736,Yes,Travel_Rarely,277,1,97,3,4240,13119,No,13,3,80,0,1.1
1737,No,Travel_Rarely,1355,3,78,3,10999,22245,No,14,3,80,0,1.3
1738,No,Travel_Rarely,549,4,42,3,5003,23371,No,14,3,80,0,1.5
1739,No,Travel_Rarely,466,4,65,4,12742,7060,No,16,3,80,1,2
1740,No,Travel_Rarely,1055,1,47,4,4227,4658,No,18,3,80,1,2.2
1741,No,Travel_Rarely,802,2,45,4,3917,9541,No,20,4,80,1,2.9
1742,No,Travel_Rarely,265,4,90,3,18303,7770,No,13,3,80,0,3
1743,No,Travel_Rarely,804,1,64,4,2380,20165,No,18,3,80,0,3.2
1744,No,Travel_Rarely,715,3,69,4,13726,21829,Yes,13,3,80,0,3.2
1745,No,Travel_Rarely,1141,1,61,2,4777,14382,No,15,3,80,0,3.7
1746,Yes,Travel_Frequently,135,3,62,2,6385,12992,Yes,14,3,80,2,3.9
1747,Yes,Non-Travel,247,2,55,3,19973,20284,No,22,4,80,2,4
1748,Yes,Travel_Rarely,1035,2,42,4,6861,4981,Yes,12,3,80,0,4
1749,Yes,Non-Travel,265,2,79,1,4969,21813,No,18,3,80,0,4.1
1750,No,Travel_Rarely,266,1,57,4,19845,25846,No,15,3,80,1,4.5
1751,No,Travel_Rarely,1448,4,53,4,13320,11737,Yes,18,3,80,1,4.9
1752,Yes,Non-Travel,145,4,95,3,6347,24920,No,12,3,80,1,5.1
1753,No,Travel_Rarely,885,3,43,1,2743,8269,No,16,3,80,0,5.3
1754,No,Travel_Frequently,945,4,82,1,10880,5083,Yes,13,3,80,0,5.9
1755,No,Non-Travel,1038,2,88,4,2342,21437,No,19,3,80,0,6
1756,Yes,Travel_Rarely,1234,4,90,4,17650,5404,No,13,3,80,1,6.8
1757,No,Non-Travel,1109,4,69,3,4025,11135,No,12,3,80,0,7.1
1758,Yes,Travel_Rarely,216,2,75,4,9725,12278,No,11,3,80,1,7.9
1759,No,Travel_Rarely,1089,2,66,4,11904,11038,Yes,14,3,80,1,8.2
1760,No,Travel_Rarely,788,2,36,2,2177,8318,No,16,3,80,0,8.7
1761,No,Travel_Frequently,124,3,38,2,7525,23537,No,12,3,80,1,9
1762,Yes,Travel_Rarely,660,1,81,3,4834,7858,No,14,3,80,1,9.5
1763,Yes,Travel_Frequently,342,1,57,1,2042,15346,Yes,14,3,80,1,9.6
1764,Yes,Travel_Rarely,1333,3,87,3,2220,18410,Yes,19,3,80,1,10.3
1765,No,Travel_Rarely,1144,4,74,2,1052,23384,No,22,4,80,0,10.5
1766,No,Travel_Frequently,1186,3,44,3,2821,2997,No,16,3,80,1,11.2
1767,Yes,Travel_Rarely,1464,2,62,3,19237,12853,Yes,11,3,80,1,11.5
1768,Yes,Travel_Rarely,124,4,35,2,4107,13848,No,15,3,80,0,12.3
1769,Yes,Travel_Rarely,300,3,74,1,8396,22217,No,14,3,80,1,12.9
1770,No,Travel_Frequently,921,1,66,3,2007,25265,No,13,3,80,2,13.5
1771,No,Travel_Rarely,430,4,40,4,19627,21445,No,17,3,80,2,1.1
1772,No,Travel_Rarely,1082,3,41,3,10686,8392,No,11,3,80,1,1.3
1773,No,Travel_Frequently,1240,1,63,3,2942,12154,No,19,3,80,1,1.5
1774,No,Travel_Rarely,796,4,51,4,8858,15669,No,11,3,80,0,2
1775,Yes,Non-Travel,444,3,40,1,16756,17323,No,15,3,80,0,2.2
1776,Yes,Travel_Rarely,415,3,79,4,10798,5268,No,13,3,80,1,2.9
1777,No,Travel_Frequently,769,4,54,4,2323,17205,Yes,14,3,80,0,3
1778,Yes,Travel_Rarely,1334,3,36,1,1416,17258,No,13,3,80,0,3.2
1779,No,Travel_Rarely,1003,4,74,1,4615,21029,Yes,23,4,80,3,3.2
1780,Yes,Travel_Rarely,1323,1,34,3,2461,10332,Yes,12,3,80,3,3.7
1781,No,Non-Travel,1366,2,72,1,8722,12355,No,12,3,80,0,3.9
1782,Yes,Travel_Rarely,192,1,59,1,3955,11141,No,16,3,80,2,4
1783,No,Travel_Rarely,1176,3,85,1,9957,9096,No,15,3,80,1,4
1784,Yes,Travel_Rarely,509,2,43,3,3376,18863,No,13,3,80,0,4.1
1785,Yes,Travel_Rarely,330,3,65,3,8823,24608,No,18,3,80,1,4.5
1786,Yes,Travel_Rarely,1492,1,61,4,10322,26542,No,20,4,80,1,4.9
1787,No,Non-Travel,1277,1,87,3,4621,5869,No,19,3,80,3,5.1
1788,No,Travel_Frequently,1091,4,65,2,10976,15813,No,18,3,80,1,5.3
1789,No,Travel_Rarely,857,3,59,3,3660,7909,No,13,3,80,0,5.9
1790,Yes,Travel_Rarely,1376,2,91,1,10482,2326,No,14,3,80,1,6
1791,Yes,Travel_Rarely,654,4,34,4,7119,21214,No,15,3,80,1,6.8
1792,No,Travel_Rarely,1204,4,86,1,9582,10333,Yes,22,4,80,0,7.1
1793,Yes,Travel_Frequently,827,1,54,3,4508,3129,No,22,4,80,0,7.9
1794,Yes,Travel_Rarely,895,1,50,3,2207,22482,No,16,3,80,1,8.2
1795,Yes,Travel_Frequently,618,1,45,4,7756,22266,No,17,3,80,0,8.7
1796,Yes,Travel_Rarely,309,4,88,4,6694,24223,Yes,14,3,80,3,9
1797,No,Travel_Rarely,1219,4,32,4,3691,4605,Yes,15,3,80,1,9.5
1798,Yes,Travel_Rarely,1330,1,37,3,2377,19373,No,20,4,80,1,9.6
1799,No,Travel_Rarely,1017,1,55,2,2313,2993,Yes,20,4,80,0,10.3
1800,No,Travel_Rarely,469,4,35,1,17665,14399,No,17,3,80,1,10.5
1801,Yes,Travel_Frequently,1009,1,45,2,2596,7160,No,15,3,80,2,11.2
1802,No,Travel_Frequently,959,4,81,3,4728,17251,Yes,14,3,80,0,11.5
1803,No,Travel_Frequently,970,4,30,2,4302,13401,No,17,3,80,1,12.3
1804,No,Non-Travel,697,3,40,4,2979,22478,No,17,3,80,3,12.9
1805,No,Non-Travel,1262,1,35,4,16885,16154,No,22,4,80,0,13.5
1806,No,Non-Travel,1050,2,65,3,5593,17970,No,13,3,80,1,1.1
1807,No,Travel_Rarely,994,2,87,2,10445,15322,No,19,3,80,0,1.3
1808,Yes,Travel_Rarely,770,3,73,3,8740,5569,Yes,14,3,80,2,1.5
1809,No,Travel_Rarely,1107,3,93,4,2514,26968,No,22,4,80,1,2
1810,Yes,Travel_Rarely,950,4,93,2,7655,8039,No,17,3,80,3,2.2
1811,Yes,Travel_Rarely,406,1,52,3,17465,15596,No,12,3,80,1,2.9
1812,Yes,Travel_Rarely,130,4,32,2,7351,20619,No,16,3,80,0,3
1813,Yes,Travel_Frequently,1082,3,83,1,10820,11535,No,11,3,80,1,3.2
1814,No,Travel_Frequently,203,1,84,4,12169,13547,No,11,3,80,3,3.2
1815,Yes,Travel_Rarely,1308,3,44,3,19626,17544,No,14,3,80,0,3.7
1816,No,Travel_Rarely,984,4,70,2,2070,25326,Yes,11,3,80,0,3.9
1817,No,Non-Travel,439,3,70,2,6782,8770,No,15,3,80,0,4
1818,No,Non-Travel,217,1,78,4,7779,23238,No,20,4,80,0,4
1819,No,Travel_Frequently,793,3,67,4,2791,21981,No,12,3,80,1,4.1
1820,Yes,Travel_Rarely,1451,1,67,2,3201,19911,No,17,3,80,0,4.5
1821,No,Travel_Frequently,1182,4,54,4,4968,18500,No,11,3,80,1,4.9
1822,Yes,Travel_Rarely,174,4,56,2,13120,11879,No,17,3,80,1,5.1
1823,Yes,Travel_Frequently,1003,4,95,3,4033,15834,No,11,3,80,0,5.3
1824,No,Travel_Frequently,490,4,61,2,3291,17940,No,14,3,80,2,5.9
1825,No,Travel_Rarely,188,2,56,4,4272,9558,No,19,3,80,0,6
1826,Yes,Travel_Rarely,718,2,79,4,5056,17689,Yes,15,3,80,1,6.8
1827,Yes,Travel_Rarely,433,3,37,3,2844,6004,No,13,3,80,1,7.1
1828,No,Travel_Frequently,773,3,39,3,2703,22088,Yes,14,3,80,1,7.9
1829,Yes,Non-Travel,247,3,80,3,1904,13556,No,12,3,80,0,8.2
1830,No,Travel_Rarely,603,1,77,1,8224,18385,Yes,17,3,80,0,8.7
1831,No,Travel_Rarely,167,2,46,4,4766,9051,Yes,11,3,80,1,9
1832,No,Travel_Frequently,874,3,72,3,2610,6233,No,12,3,80,1,9.5
1833,Yes,Travel_Rarely,367,3,52,4,5731,17171,No,13,3,80,2,9.6
1834,No,Travel_Rarely,199,4,55,3,2539,7950,No,13,3,80,1,10.3
1835,No,Travel_Rarely,1400,2,70,3,5714,5829,No,20,4,80,0,10.5
1836,Yes,Travel_Rarely,528,3,100,3,4323,7108,No,17,3,80,0,11.2
1837,No,Travel_Rarely,408,4,45,1,7336,11162,No,13,3,80,1,11.5
1838,No,Travel_Frequently,593,2,88,3,13499,13782,No,17,3,80,0,12.3
1839,Yes,Travel_Frequently,481,3,44,1,13758,2447,Yes,12,3,80,0,12.9
1840,Yes,Travel_Rarely,647,2,45,1,5155,2253,No,13,3,80,0,13.5
1841,Yes,Travel_Rarely,982,4,58,3,2258,16340,No,12,3,80,1,1.1
1842,No,Travel_Rarely,477,4,49,2,3597,6409,No,22,4,80,0,1.3
1843,No,Travel_Rarely,1485,3,79,4,2515,22955,Yes,11,3,80,0,1.5
1844,Yes,Travel_Rarely,1384,1,82,4,4420,13421,No,22,4,80,1,2
1845,No,Travel_Rarely,852,3,72,3,6578,2706,No,18,3,80,1,2.2
1846,Yes,Travel_Frequently,902,3,92,4,4422,21203,Yes,13,3,80,1,2.9
1847,Yes,Travel_Rarely,819,3,44,2,10274,19588,No,18,3,80,1,3
1848,No,Travel_Frequently,669,4,97,1,5343,25755,No,20,4,80,0,3.2
1849,No,Travel_Frequently,636,4,47,4,2376,26537,No,13,3,80,1,3.2
1850,No,Travel_Rarely,1372,1,85,3,5346,9489,No,13,3,80,0,3.7
1851,No,Non-Travel,862,3,76,1,2827,14947,No,12,3,80,3,3.9
1852,No,Travel_Rarely,718,4,92,1,19943,18575,No,13,3,80,1,4
1853,Yes,Travel_Rarely,1401,2,54,4,3131,26342,No,13,3,80,1,4
1854,No,Travel_Rarely,645,3,54,1,2552,7172,No,25,4,80,0,4.1
1855,Yes,Travel_Rarely,1457,1,83,3,4477,20100,Yes,19,3,80,1,4.5
1856,Yes,Travel_Rarely,977,4,56,4,6474,9961,No,13,3,80,1,4.9
1857,No,Travel_Rarely,805,1,87,3,3033,12828,No,12,3,80,0,5.1
1858,No,Travel_Rarely,1097,3,96,3,2936,10826,Yes,11,3,80,0,5.3
1859,No,Travel_Rarely,1223,4,50,3,18606,18640,No,18,3,80,1,5.9
1860,Yes,Travel_Rarely,942,2,69,4,2168,26933,Yes,18,3,80,1,6
1861,Yes,Travel_Frequently,1256,3,48,4,2853,4223,Yes,11,3,80,1,6.8
1862,Yes,Travel_Rarely,1402,3,69,1,17048,24097,No,23,4,80,0,7.1
1863,No,Non-Travel,111,4,74,3,2290,4279,No,13,3,80,0,7.9
1864,No,Travel_Rarely,147,2,99,3,3600,8429,No,13,3,80,1,8.2
1865,Yes,Non-Travel,906,1,95,1,2107,20293,No,17,3,80,1,8.7
1866,No,Travel_Rarely,1329,3,61,1,4115,13192,No,19,3,80,3,9
1867,Yes,Travel_Frequently,1184,2,62,2,4327,25440,No,12,3,80,3,9.5
1868,Yes,Travel_Frequently,1421,4,30,1,17856,9490,No,22,4,80,1,9.6
1869,No,Travel_Rarely,1179,4,78,1,3196,12449,No,12,3,80,3,10.3
1870,Yes,Travel_Rarely,1450,4,52,2,19081,10849,No,11,3,80,1,10.5
1871,Yes,Travel_Rarely,1361,3,94,1,8966,21026,Yes,15,3,80,3,11.2
1872,No,Travel_Rarely,984,4,97,2,2210,3372,No,13,3,80,1,11.5
1873,No,Travel_Frequently,1146,2,82,3,4539,4905,No,12,3,80,1,12.3
1874,No,Travel_Rarely,917,3,60,3,2741,6865,No,14,3,80,1,12.9
1875,Yes,Travel_Rarely,853,3,49,3,3491,11309,No,13,3,80,3,13.5
1876,Yes,Travel_Rarely,200,4,32,4,4541,7744,No,25,4,80,0,1.1
1877,No,Travel_Rarely,654,3,43,4,2678,5050,No,17,3,80,0,1.3
1878,No,Travel_Rarely,150,4,60,4,7379,17433,No,11,3,80,1,1.5
1879,Yes,Non-Travel,179,4,79,1,6272,12858,No,16,3,80,1,2
1880,No,Travel_Rarely,696,2,52,4,5220,10893,Yes,18,3,80,1,2.2
1881,Yes,Travel_Frequently,116,3,77,2,2743,7331,No,20,4,80,1,2.9
1882,Yes,Travel_Frequently,1316,4,38,3,4998,2338,Yes,14,3,80,0,3
1883,No,Travel_Rarely,363,3,77,1,10252,4235,Yes,21,4,80,1,3.2
1884,Yes,Travel_Rarely,117,1,60,4,2781,6311,No,13,3,80,1,3.2
1885,Yes,Travel_Rarely,107,2,84,2,6852,11591,No,12,3,80,1,3.7
1886,No,Travel_Rarely,1356,3,57,4,4950,20623,No,14,3,80,0,3.9
1887,No,Travel_Rarely,1465,4,63,2,3579,9369,Yes,21,4,80,1,4
1888,Yes,Travel_Frequently,458,1,60,1,13191,23281,Yes,17,3,80,0,4
1889,No,Non-Travel,1212,3,78,4,10377,13755,Yes,11,3,80,1,4.1
1890,Yes,Travel_Rarely,1103,1,42,1,2235,14377,Yes,14,3,80,2,4.5
1891,Yes,Travel_Frequently,966,4,53,3,10502,9659,No,17,3,80,1,4.9
1892,Yes,Travel_Rarely,1117,1,72,4,2011,19982,No,13,3,80,1,5.1
1893,Yes,Non-Travel,504,1,96,2,1859,6148,Yes,25,4,80,0,5.3
1894,No,Travel_Rarely,1010,1,97,4,3760,5598,No,15,3,80,3,5.9
1895,Yes,Travel_Rarely,685,4,85,4,17779,23474,No,14,3,80,0,6
1896,Yes,Travel_Rarely,1332,3,80,1,6833,17089,Yes,12,3,80,0,6.8
1897,No,Travel_Rarely,1062,3,96,1,6812,17198,No,19,3,80,0,7.1
1898,No,Travel_Rarely,326,3,48,4,5171,16490,No,17,3,80,0,7.9
1899,No,Travel_Rarely,920,3,96,4,19740,18625,No,14,3,80,1,8.2
1900,Yes,Travel_Rarely,1098,1,85,3,18711,12124,No,13,3,80,1,8.7
1901,No,Travel_Frequently,469,3,46,2,3692,9256,No,12,3,80,0,9
1902,Yes,Travel_Rarely,969,4,76,2,2559,16620,No,11,3,80,0,9.5
1903,Yes,Travel_Rarely,1167,1,76,3,2517,3208,No,11,3,80,3,9.6
1904,Yes,Travel_Rarely,1329,3,82,4,6623,4204,Yes,11,3,80,2,10.3
1905,No,Travel_Rarely,715,4,76,4,18265,8733,No,12,3,80,0,10.5
1906,No,Travel_Rarely,694,4,87,4,16124,3423,No,14,3,80,2,11.2
1907,No,Travel_Rarely,1320,3,89,3,2585,21643,No,17,3,80,0,11.5
1908,Yes,Travel_Rarely,1099,2,88,2,18213,8751,No,11,3,80,1,12.3
1909,No,Travel_Rarely,536,4,82,3,8380,21708,Yes,14,3,80,2,12.9
1910,Yes,Travel_Rarely,265,2,57,4,2994,21221,Yes,12,3,80,0,13.5
1911,Yes,Travel_Rarely,373,4,47,3,1223,16901,No,22,4,80,1,1.1
1912,No,Travel_Frequently,599,3,73,4,1118,8040,Yes,14,3,80,0,1.3
1913,Yes,Travel_Rarely,583,3,53,4,2875,9973,Yes,20,4,80,0,1.5
1914,Yes,Travel_Rarely,1449,1,94,2,18824,2493,Yes,16,3,80,0,2
1915,No,Non-Travel,177,4,37,2,13577,25592,Yes,15,3,80,1,2.2
1916,Yes,Travel_Frequently,251,1,45,3,2625,25308,No,20,4,80,0,2.9
1917,Yes,Travel_Rarely,168,4,33,2,18789,9946,No,14,3,80,1,3
1918,No,Travel_Rarely,131,3,86,1,4538,6039,Yes,12,3,80,0,3.2
1919,No,Travel_Frequently,237,4,83,2,19847,19196,Yes,24,4,80,1,3.2
1920,Yes,Travel_Rarely,1429,4,67,4,10512,20002,No,12,3,80,0,3.7
1921,Yes,Travel_Frequently,135,3,46,2,4444,22534,No,13,3,80,2,3.9
1922,Yes,Travel_Frequently,791,4,44,3,2154,6842,Yes,11,3,80,0,4
1923,Yes,Travel_Rarely,1199,3,92,1,19190,17477,No,14,3,80,2,4
1924,No,Travel_Frequently,648,3,56,2,4490,21833,No,11,3,80,2,4.1
1925,No,Travel_Rarely,735,3,66,3,3506,6020,Yes,14,3,80,0,4.5
1926,Yes,Travel_Rarely,603,2,78,2,2372,5628,Yes,16,3,80,0,4.9
1927,Yes,Travel_Rarely,531,4,56,4,10231,20364,No,14,3,80,0,5.1
1928,Yes,Travel_Rarely,429,3,53,2,5410,2323,Yes,11,3,80,0,5.3
1929,Yes,Travel_Rarely,621,1,73,4,7978,14075,No,11,3,80,1,5.9
1930,Yes,Travel_Frequently,193,4,52,4,3867,14222,Yes,12,3,80,1,6
1931,Yes,Travel_Frequently,968,2,40,3,2838,4257,No,14,3,80,0,6.8
1932,Yes,Non-Travel,879,3,72,3,4695,12858,Yes,18,3,80,0,7.1
1933,No,Travel_Rarely,806,2,39,3,3339,17285,Yes,13,3,80,2,7.9
1934,No,Travel_Rarely,640,4,84,1,2080,4732,No,11,3,80,0,8.2
1935,Yes,Travel_Rarely,266,4,40,2,2096,18830,No,18,3,80,0,8.7
1936,Yes,Travel_Rarely,604,3,56,4,6209,11693,No,15,3,80,2,9
1937,No,Travel_Frequently,364,2,83,2,18061,13035,No,22,4,80,0,9.5
1938,Yes,Travel_Rarely,412,3,94,2,17123,17334,Yes,13,3,80,2,9.6
1939,No,Travel_Rarely,848,1,88,3,2372,26076,No,12,3,80,2,10.3
1940,Yes,Travel_Rarely,1089,4,79,3,4883,22845,No,18,3,80,1,10.5
1941,No,Travel_Rarely,360,3,93,1,3904,22154,No,13,3,80,0,11.2
1942,No,Travel_Rarely,1138,1,48,4,4627,23631,No,12,3,80,1,11.5
1943,No,Travel_Rarely,325,4,63,3,7094,5747,No,12,3,80,0,12.3
1944,No,Travel_Rarely,991,4,44,1,3423,22957,No,12,3,80,0,12.9
1945,Yes,Non-Travel,1476,3,55,4,6674,16392,No,11,3,80,3,13.5
1946,No,Travel_Rarely,1322,4,43,1,16880,22422,Yes,11,3,80,0,1.1
1947,Yes,Travel_Rarely,299,4,57,2,9094,17235,Yes,12,3,80,0,1.3
1948,No,Travel_Rarely,1030,2,64,2,8446,21534,Yes,19,3,80,0,1.5
1949,No,Travel_Rarely,634,2,95,1,11916,25927,Yes,23,4,80,2,2
1950,Yes,Travel_Rarely,524,1,32,3,4534,13352,No,11,3,80,0,2.2
1951,Yes,Non-Travel,587,4,57,3,9852,8935,Yes,19,3,80,1,2.9
1952,No,Non-Travel,256,3,40,2,6151,22074,No,13,3,80,0,3
1953,No,Travel_Frequently,1060,4,54,2,2302,8319,Yes,11,3,80,0,3.2
1954,No,Travel_Rarely,935,1,89,1,2362,14669,No,12,3,80,0,3.2
1955,No,Non-Travel,495,3,37,3,17861,26582,Yes,13,3,80,0,3.7
1956,No,Travel_Rarely,282,4,58,3,19187,6992,No,14,3,80,1,3.9
1957,Yes,Travel_Rarely,206,4,99,2,19717,4022,No,14,3,80,0,4
1958,Yes,Non-Travel,458,3,74,3,3544,8532,No,16,3,80,1,4
1959,No,Travel_Rarely,943,4,86,4,8500,5494,No,11,3,80,1,4.1
1960,Yes,Travel_Rarely,523,3,98,4,4661,22455,No,13,3,80,0,4.5
1961,Yes,Travel_Frequently,1018,3,66,1,4103,4297,No,17,3,80,1,4.9
1962,Yes,Travel_Frequently,482,3,87,3,4249,2690,Yes,11,3,80,0,5.1
1963,No,Travel_Rarely,770,3,84,2,14026,17588,Yes,11,3,80,1,5.3
1964,No,Travel_Rarely,1009,2,31,1,6893,19461,No,15,3,80,1,5.9
1965,No,Travel_Rarely,507,3,66,1,6125,23553,No,12,3,80,0,6
1966,Yes,Travel_Rarely,882,4,67,4,3669,9075,No,11,3,80,3,6.8
1967,Yes,Travel_Rarely,601,3,53,1,10008,12023,Yes,14,3,80,0,7.1
1968,No,Travel_Rarely,329,2,88,2,2387,6762,No,22,4,80,1,7.9
1969,Yes,Travel_Frequently,607,1,83,1,4639,2261,No,16,3,80,1,8.2
1970,Yes,Travel_Rarely,855,4,54,4,7898,18706,No,11,3,80,0,8.7
1971,Yes,Travel_Rarely,1291,3,98,4,2534,6527,No,14,3,80,1,9
1972,Yes,Travel_Rarely,1405,4,82,2,13142,24439,No,16,3,80,0,9.5
1973,No,Non-Travel,1124,4,97,4,1611,19305,No,15,3,80,0,9.6
1974,Yes,Travel_Rarely,817,4,60,4,5363,10846,No,12,3,80,1,10.3
1975,No,Travel_Frequently,793,4,43,4,5071,20392,No,20,4,80,0,10.5
1976,No,Travel_Rarely,267,1,85,3,13695,9277,Yes,17,3,80,0,11.2
1977,No,Travel_Rarely,1369,4,68,2,13402,18235,Yes,12,3,80,1,11.5
1978,Yes,Non-Travel,999,1,92,3,2029,15891,No,20,4,80,3,12.3
1979,Yes,Travel_Rarely,1202,2,89,3,6377,13888,No,20,4,80,3,12.9
1980,No,Travel_Rarely,285,2,86,3,5429,17491,No,13,3,80,2,13.5
1981,No,Travel_Frequently,703,3,90,4,2785,11882,No,14,3,80,0,1.1
1982,No,Travel_Frequently,662,4,67,3,4614,23288,Yes,18,3,80,1,1.3
1983,Yes,Travel_Frequently,693,4,57,3,2610,15748,No,11,3,80,3,1.5
1984,Yes,Travel_Rarely,404,3,98,4,6687,6163,No,11,3,80,0,2
1985,No,Travel_Rarely,736,3,48,1,4724,24232,No,11,3,80,1,2.2
1986,No,Travel_Rarely,330,4,98,3,6179,21057,Yes,15,3,80,2,2.9
1987,Yes,Travel_Rarely,1498,1,44,4,6120,3567,Yes,12,3,80,2,3
1988,Yes,Travel_Frequently,541,2,52,2,10596,15395,No,11,3,80,0,3.2
1989,No,Travel_Frequently,1200,4,75,4,5467,13953,Yes,14,3,80,2,3.2
1990,No,Travel_Rarely,1439,3,54,3,2996,5182,Yes,15,3,80,0,3.7
1991,No,Travel_Frequently,1111,2,61,4,9998,19293,No,13,3,80,0,3.9
1992,No,Travel_Rarely,499,3,36,2,4078,20497,Yes,13,3,80,3,4
1993,No,Non-Travel,1485,3,71,3,10920,3449,No,21,4,80,1,4
1994,No,Travel_Rarely,1372,1,93,3,6232,12477,No,11,3,80,0,4.1
1995,Yes,Travel_Frequently,322,4,59,3,13247,9731,Yes,11,3,80,1,4.5
1996,Yes,Travel_Rarely,930,1,73,3,4081,20003,Yes,14,3,80,0,4.9
1997,No,Travel_Rarely,205,4,98,4,5769,7100,Yes,11,3,80,0,5.1
1998,Yes,Travel_Rarely,135,4,51,3,2394,25681,Yes,13,3,80,0,5.3
1999,No,Travel_Rarely,683,1,36,4,3904,4050,No,12,3,80,0,5.9
2000,Yes,Travel_Rarely,1147,3,31,1,16799,16616,No,14,3,80,1,6
2001,No,Travel_Rarely,258,3,54,1,2950,17363,No,13,3,80,0,6.8
2002,No,Travel_Rarely,1462,1,94,3,3629,19106,No,18,3,80,0,7.1
2003,Yes,Travel_Frequently,200,3,60,4,9362,19944,No,11,3,80,0,7.9
2004,Yes,Travel_Rarely,949,1,81,4,3229,4910,No,11,3,80,1,8.2
2005,No,Travel_Rarely,652,3,100,1,3578,23577,No,12,3,80,0,8.7
2006,No,Travel_Rarely,332,2,51,1,7988,9769,No,13,3,80,0,9
2007,Yes,Travel_Frequently,1475,1,97,1,4284,22710,No,20,4,80,0,9.5
2008,Yes,Travel_Frequently,337,3,84,4,7553,22930,Yes,12,3,80,0,9.6
2009,No,Travel_Rarely,971,4,54,4,17328,5652,No,19,3,80,0,10.3
2010,No,Travel_Rarely,1055,4,76,1,19701,22456,Yes,21,4,80,1,10.5
2011,No,Travel_Rarely,1136,2,81,4,14732,12414,No,13,3,80,2,11.2
2012,Yes,Travel_Rarely,1174,1,99,2,9278,20763,Yes,16,3,80,0,11.5
2013,Yes,Travel_Frequently,667,2,50,3,1359,16154,No,12,3,80,0,12.3
2014,No,Travel_Rarely,855,4,73,1,4779,12761,No,14,3,80,2,12.9
2015,Yes,Travel_Rarely,182,1,93,2,16422,8847,No,11,3,80,0,13.5
2016,No,Travel_Frequently,560,4,91,1,2996,20284,No,14,3,80,2,1.1
2017,No,Travel_Rarely,202,1,34,2,1261,22262,No,12,3,80,0,1.3
2018,No,Travel_Rarely,1377,2,91,1,2099,7679,No,14,3,80,0,1.5
2019,Yes,Travel_Rarely,172,1,37,4,5810,22604,No,16,3,80,0,2
2020,Yes,Travel_Rarely,329,3,98,1,5647,13494,No,13,3,80,2,2.2
2021,Yes,Travel_Rarely,465,1,74,4,3420,10205,No,12,3,80,1,2.9
2022,No,Travel_Rarely,383,1,68,1,4400,15182,No,12,3,80,0,3
2023,No,Non-Travel,1413,3,84,3,3500,25470,No,14,3,80,0,3.2
2024,Yes,Travel_Rarely,1255,1,90,1,2066,10494,No,22,4,80,1,3.2
2025,No,Travel_Rarely,359,1,82,3,17169,26703,No,19,3,80,2,3.7
2026,No,Travel_Rarely,1476,4,42,3,4162,15211,Yes,12,3,80,2,3.9
2027,No,Travel_Rarely,601,4,97,4,9204,23343,No,12,3,80,1,4
2028,Yes,Travel_Rarely,401,4,86,2,3294,3708,No,17,3,80,1,4
2029,No,Travel_Rarely,1283,2,90,3,2127,5561,Yes,12,3,80,0,4.1
2030,Yes,Non-Travel,663,3,81,3,3975,23099,No,11,3,80,2,4.5
2031,No,Travel_Rarely,326,1,31,4,10793,8386,No,18,3,80,1,4.9
2032,No,Travel_Rarely,377,1,52,4,10096,15986,No,11,3,80,1,5.1
2033,No,Non-Travel,592,1,54,1,3646,17181,Yes,23,4,80,0,5.3
2034,Yes,Travel_Frequently,1445,3,100,2,7446,8931,No,11,3,80,0,5.9
2035,Yes,Travel_Rarely,1038,2,95,1,10851,19863,Yes,18,3,80,1,6
2036,No,Travel_Rarely,1398,4,96,2,2109,24609,No,18,3,80,0,6.8
2037,No,Travel_Frequently,523,2,94,4,3722,21081,Yes,13,3,80,1,7.1
2038,No,Travel_Rarely,1448,2,55,4,9380,14720,Yes,18,3,80,2,7.9
2039,Yes,Travel_Rarely,1221,3,96,1,5486,24795,No,11,3,80,3,8.2
2040,No,Travel_Rarely,1107,1,52,3,2742,3072,No,15,3,80,0,8.7
2041,No,Non-Travel,218,4,55,2,13757,25178,No,11,3,80,1,9
2042,No,Travel_Rarely,866,4,84,1,8463,23490,No,18,3,80,0,9.5
2043,No,Non-Travel,981,3,90,3,3162,7973,No,14,3,80,0,9.6
2044,No,Travel_Rarely,447,4,39,2,16598,19764,No,12,3,80,0,10.3
2045,Yes,Travel_Rarely,1495,1,96,3,6651,21534,No,14,3,80,1,10.5
2046,No,Travel_Rarely,896,3,68,3,2345,8045,No,14,3,80,1,11.2
2047,No,Travel_Rarely,1467,4,49,2,3420,21158,No,13,3,80,0,11.5
2048,Yes,Travel_Frequently,430,4,54,1,4373,17456,No,14,3,80,2,12.3
2049,Yes,Travel_Rarely,1326,4,81,1,4759,15891,No,18,3,80,0,12.9
2050,Yes,Travel_Rarely,1358,4,96,3,5301,2939,No,15,3,80,2,13.5
2051,Yes,Travel_Frequently,748,1,74,4,3673,16458,No,13,3,80,0,1.1
2052,Yes,Travel_Frequently,383,1,79,3,4768,9282,No,12,3,80,1,1.3
2053,No,Non-Travel,990,3,64,3,1274,7152,No,13,3,80,2,1.5
2054,No,Travel_Rarely,405,2,93,3,4900,2721,No,24,4,80,1,2
2055,No,Travel_Rarely,1490,3,35,2,10466,20948,No,14,3,80,2,2.2
2056,No,Travel_Frequently,829,2,71,1,17007,11929,No,14,3,80,2,2.9
2057,Yes,Travel_Frequently,1496,1,92,3,2909,15747,No,15,3,80,1,3
2058,No,Travel_Frequently,115,1,51,2,5765,17485,No,11,3,80,0,3.2
2059,Yes,Travel_Rarely,790,1,40,2,4599,7815,Yes,23,4,80,0,3.2
2060,No,Travel_Rarely,660,4,76,3,2404,16192,No,13,3,80,1,3.7
2061,Yes,Travel_Frequently,381,2,89,1,3172,16998,Yes,11,3,80,0,3.9
2062,Yes,Non-Travel,830,4,78,2,2033,7103,No,13,3,80,1,4
2063,No,Travel_Frequently,1193,2,86,3,10209,19719,Yes,18,3,80,0,4
2064,No,Travel_Rarely,1246,3,77,3,8620,23757,No,14,3,80,2,4.1
2065,No,Travel_Rarely,330,3,46,3,2064,15428,No,21,4,80,1,4.5
2066,No,Travel_Rarely,1229,4,30,3,4035,16143,Yes,16,3,80,0,4.9
2067,No,Travel_Rarely,1099,1,82,2,3838,8192,No,11,3,80,0,5.1
2068,Yes,Travel_Rarely,571,3,78,3,4591,24200,Yes,17,3,80,1,5.3
2069,No,Travel_Frequently,289,3,38,1,2561,5355,No,11,3,80,0,5.9
2070,Yes,Travel_Rarely,1423,1,72,3,1563,12530,No,14,3,80,1,6
2071,No,Travel_Frequently,467,3,55,1,4898,11827,No,14,3,80,0,6.8
2072,Yes,Travel_Rarely,271,3,43,1,4789,23070,No,25,4,80,1,7.1
2073,Yes,Travel_Frequently,410,4,97,2,3180,4668,No,13,3,80,3,7.9
2074,No,Travel_Rarely,1083,3,96,2,6549,3173,No,14,3,80,2,8.2
2075,Yes,Travel_Rarely,516,4,69,3,6388,22049,Yes,17,3,80,0,8.7
2076,Yes,Travel_Rarely,495,3,64,4,11244,21072,No,25,4,80,0,9
2077,Yes,Travel_Frequently,1050,2,87,4,16032,24456,No,20,4,80,1,9.5
2078,Yes,Travel_Rarely,224,1,100,1,2362,7568,No,13,3,80,0,9.6
2079,No,Travel_Rarely,136,4,32,1,16328,22074,No,13,3,80,1,10.3
2080,Yes,Travel_Rarely,1089,2,32,2,8376,9150,No,18,3,80,0,10.5
2081,No,Travel_Rarely,228,3,51,2,16606,11380,No,12,3,80,1,11.2
2082,No,Travel_Rarely,1029,4,91,2,8606,21195,No,19,3,80,0,11.5
2083,No,Travel_Rarely,507,1,97,3,2272,24812,No,14,3,80,0,12.3
2084,No,Travel_Rarely,676,4,86,1,2018,21831,No,14,3,80,0,12.9
2085,Yes,Travel_Rarely,971,4,64,3,7083,12288,Yes,14,3,80,0,13.5
2086,Yes,Travel_Frequently,561,4,33,3,4084,4156,No,12,3,80,0,1.1
2087,No,Travel_Frequently,333,3,88,4,14411,24450,Yes,13,3,80,0,1.3
2088,No,Travel_Rarely,1440,2,55,3,2308,4944,Yes,25,4,80,1,1.5
2089,No,Travel_Rarely,1210,3,68,2,4841,24052,No,14,3,80,1,2
2090,No,Travel_Rarely,674,1,47,4,4285,3031,No,17,3,80,0,2.2
2091,Yes,Travel_Rarely,441,3,39,1,9715,7288,No,13,3,80,1,2.9
2092,Yes,Travel_Rarely,575,4,44,2,4320,24152,No,13,3,80,0,3
2093,Yes,Travel_Rarely,950,4,97,4,2132,4585,No,20,4,80,1,3.2
2094,Yes,Travel_Frequently,288,4,40,4,10124,18611,Yes,14,3,80,1,3.2
2095,Yes,Travel_Rarely,1342,1,47,1,5473,19345,No,12,3,80,0,3.7
2096,No,Travel_Rarely,589,2,79,3,5207,22949,Yes,12,3,80,1,3.9
2097,Yes,Travel_Rarely,898,3,38,4,16437,17381,Yes,21,4,80,0,4
2098,No,Travel_Rarely,350,3,57,1,2296,10036,No,14,3,80,3,4
2099,Yes,Non-Travel,1142,4,72,4,4069,8841,Yes,18,3,80,0,4.1
2100,No,Travel_Rarely,538,1,66,2,7441,20933,No,12,3,80,3,4.5
2101,Yes,Travel_Rarely,1402,2,98,3,2430,26204,No,23,4,80,2,4.9
2102,No,Travel_Rarely,824,4,67,2,5878,15624,No,12,3,80,1,5.1
2103,No,Travel_Rarely,1157,3,70,4,2644,17001,Yes,21,4,80,0,5.3
2104,No,Travel_Rarely,492,3,96,3,6439,13693,No,14,3,80,1,5.9
2105,Yes,Travel_Rarely,598,3,91,3,2451,22376,No,18,3,80,2,6
2106,Yes,Travel_Rarely,1242,1,46,1,6392,10589,No,13,3,80,1,6.8
2107,Yes,Travel_Rarely,740,2,64,1,9714,5323,No,11,3,80,1,7.1
2108,No,Travel_Frequently,888,3,71,3,6077,14814,No,11,3,80,0,7.9
2109,No,Travel_Rarely,992,4,68,1,2450,21731,No,19,3,80,0,8.2
2110,No,Travel_Rarely,1288,3,33,2,9250,17799,No,12,3,80,1,8.7
2111,No,Travel_Rarely,104,1,69,1,2074,26619,Yes,12,3,80,1,9
2112,No,Travel_Rarely,607,3,78,4,10169,14618,No,16,3,80,1,9.5
2113,Yes,Travel_Rarely,903,3,81,2,4855,7653,No,11,3,80,2,9.6
2114,No,Non-Travel,1200,4,62,1,4087,25174,No,14,3,80,1,10.3
2115,No,Travel_Rarely,1108,3,65,1,2367,16530,No,12,3,80,1,10.5
2116,No,Travel_Rarely,479,1,35,4,2972,22061,No,13,3,80,0,11.2
2117,Yes,Travel_Rarely,685,3,60,4,19586,23037,No,21,4,80,1,11.5
2118,Yes,Travel_Rarely,1351,2,45,4,5484,13008,No,17,3,80,1,12.3
2119,No,Travel_Rarely,474,1,89,4,2061,11133,No,21,4,80,0,12.9
2120,Yes,Travel_Rarely,1245,3,80,2,9924,12355,No,11,3,80,1,13.5
2121,Yes,Travel_Rarely,437,2,90,2,4198,16379,No,12,3,80,0,1.1
2122,No,Travel_Rarely,884,2,73,3,6815,21447,No,13,3,80,0,1.3
2123,No,Travel_Rarely,1370,2,87,1,4723,16213,Yes,18,3,80,0,1.5
2124,Yes,Travel_Rarely,670,1,51,3,6142,4223,Yes,16,3,80,0,2
2125,Yes,Travel_Rarely,1462,4,38,3,8237,4658,No,11,3,80,1,2.2
2126,Yes,Travel_Frequently,995,1,87,4,8853,24483,No,19,3,80,1,2.9
2127,No,Travel_Rarely,264,3,59,3,19331,19519,Yes,16,3,80,1,3
2128,Yes,Travel_Rarely,977,4,45,3,2073,12826,No,16,3,80,1,3.2
2129,No,Travel_Frequently,1302,1,80,1,5562,19711,Yes,13,3,80,1,3.2
2130,No,Travel_Rarely,1059,4,93,4,19613,26362,No,22,4,80,0,3.7
2131,Yes,Travel_Rarely,750,2,46,3,3407,25348,No,17,3,80,2,3.9
2132,No,Travel_Frequently,653,4,92,3,5063,15332,No,14,3,80,1,4
2133,Yes,Travel_Rarely,118,4,84,1,4639,11262,No,15,3,80,1,4
2134,Yes,Travel_Rarely,990,4,87,2,4876,5855,No,12,3,80,1,4.1
2135,No,Travel_Rarely,1349,3,63,4,2690,7713,No,18,3,80,1,4.5
2136,Yes,Travel_Rarely,563,4,56,1,17567,3156,No,15,3,80,0,4.9
2137,Yes,Travel_Rarely,329,3,51,2,2408,7324,Yes,17,3,80,3,5.1
2138,Yes,Non-Travel,457,2,85,3,2814,10293,Yes,14,3,80,0,5.3
2139,Yes,Travel_Frequently,1234,2,41,3,11245,20689,Yes,15,3,80,1,5.9
2140,Yes,Travel_Rarely,634,2,35,4,3312,18783,No,17,3,80,2,6
2141,Yes,Travel_Rarely,1313,2,31,4,19049,3549,Yes,14,3,80,1,6.8
2142,No,Travel_Rarely,241,2,48,2,2141,5348,No,12,3,80,1,7.1
2143,No,Travel_Rarely,1015,3,50,1,5769,23447,Yes,14,3,80,0,7.9
2144,Yes,Non-Travel,336,1,52,1,4385,24162,No,15,3,80,1,8.2
2145,No,Travel_Frequently,715,4,54,1,5332,21602,No,13,3,80,0,8.7
2146,Yes,Travel_Rarely,559,3,76,3,4663,12421,Yes,12,3,80,2,9
2147,No,Travel_Frequently,426,3,42,4,4724,17000,No,13,3,80,1,9.5
2148,Yes,Travel_Rarely,722,3,84,1,3211,22102,No,14,3,80,1,9.6
2149,Yes,Travel_Rarely,1387,2,76,1,5377,3835,No,13,3,80,3,10.3
2150,Yes,Travel_Rarely,1302,4,67,1,4066,16290,No,11,3,80,2,10.5
2151,No,Travel_Rarely,819,2,48,1,5208,26312,No,11,3,80,0,11.2
2152,Yes,Travel_Rarely,580,2,39,1,4877,20460,No,21,4,80,1,11.5
2153,No,Travel_Rarely,546,3,97,4,3117,26009,No,18,3,80,0,12.3
2154,No,Travel_Frequently,544,2,70,4,1569,18420,Yes,12,3,80,0,12.9
2155,Yes,Travel_Rarely,1176,4,98,3,19658,5220,No,11,3,80,1,13.5
2156,Yes,Travel_Rarely,170,3,76,3,3069,10302,No,15,3,80,1,1.1
2157,Yes,Travel_Rarely,884,1,80,3,10435,25800,No,13,3,80,2,1.3
2158,No,Non-Travel,208,3,52,3,4148,12250,No,12,3,80,1,1.5
2159,Yes,Travel_Rarely,671,3,85,3,5768,26493,No,17,3,80,3,2
2160,No,Travel_Frequently,711,1,81,3,5042,3140,No,13,3,80,0,2.2
2161,No,Travel_Rarely,1329,4,59,4,5770,5388,No,19,3,80,2,2.9
2162,No,Travel_Rarely,397,4,54,3,7756,14199,Yes,19,3,80,1,3
2163,Yes,Travel_Rarely,737,4,55,1,10306,21530,No,17,3,80,0,3.2
2164,No,Travel_Rarely,1470,2,71,2,3936,9953,No,11,3,80,1,3.2
2165,Yes,Travel_Rarely,448,3,84,4,7945,19948,Yes,15,3,80,0,3.7
2166,Yes,Travel_Frequently,602,1,37,4,5743,10503,Yes,11,3,80,0,3.9
2167,No,Travel_Frequently,365,3,89,4,15202,5602,No,25,4,80,1,4
2168,No,Travel_Rarely,763,1,59,4,5440,22098,Yes,14,3,80,2,4
2169,No,Travel_Frequently,567,1,32,4,3760,17218,Yes,13,3,80,0,4.1
2170,Yes,Travel_Rarely,486,2,86,3,3517,22490,No,17,3,80,0,4.5
2171,Yes,Travel_Frequently,591,4,87,4,2580,6297,No,13,3,80,0,4.9
2172,Yes,Travel_Rarely,1329,1,73,1,2166,3339,Yes,14,3,80,0,5.1
2173,Yes,Travel_Rarely,469,3,42,3,5869,23413,No,11,3,80,0,5.3
2174,No,Travel_Rarely,711,2,42,1,8008,22792,No,12,3,80,2,5.9
2175,Yes,Travel_Frequently,772,4,77,3,5206,4973,No,17,3,80,2,6
2176,Yes,Travel_Rarely,492,4,66,2,5295,7693,No,21,4,80,0,6.8
2177,No,Travel_Rarely,301,1,72,2,16413,3498,No,16,3,80,2,7.1
2178,No,Travel_Rarely,813,4,50,1,13269,21981,No,15,3,80,3,7.9
2179,Yes,Travel_Rarely,1141,3,31,3,2783,13251,No,19,3,80,0,8.2
2180,No,Travel_Rarely,1130,4,66,2,5433,19332,No,12,3,80,1,8.7
2181,No,Travel_Rarely,311,1,77,2,2013,10950,No,11,3,80,0,9
2182,No,Travel_Rarely,465,3,41,3,13966,11652,Yes,19,3,80,1,9.5
2183,Yes,Non-Travel,894,4,33,3,4374,15411,No,15,3,80,0,9.6
2184,Yes,Travel_Rarely,1040,4,79,1,6842,26308,No,20,4,80,1,10.3
2185,Yes,Travel_Rarely,584,2,91,3,17426,18685,No,25,4,80,1,10.5
2186,Yes,Travel_Rarely,1291,3,65,3,17603,3525,No,24,4,80,1,11.2
2187,Yes,Travel_Frequently,880,4,36,4,4581,10414,Yes,24,4,80,0,11.5
2188,No,Travel_Frequently,1189,4,90,4,4735,9867,No,15,3,80,2,12.3
2189,No,Travel_Rarely,991,1,43,2,4187,3356,Yes,13,3,80,1,12.9
2190,No,Travel_Rarely,392,4,93,4,5505,3921,No,14,3,80,2,13.5
2191,No,Travel_Rarely,977,4,45,2,5470,25518,No,13,3,80,2,1.1
2192,No,Travel_Rarely,1112,1,67,4,5476,22589,No,11,3,80,2,1.3
2193,Yes,Travel_Rarely,464,4,74,1,2587,24941,Yes,16,3,80,1,1.5
2194,No,Travel_Frequently,148,4,42,2,2440,23826,No,22,4,80,0,2
2195,Yes,Travel_Rarely,1225,2,47,2,15972,21086,No,14,3,80,3,2.2
2196,Yes,Travel_Rarely,809,3,36,3,15379,22384,No,14,3,80,0,2.9
2197,Yes,Travel_Rarely,1206,4,80,3,7082,11591,Yes,16,3,80,0,3
2198,Yes,Travel_Rarely,727,4,54,1,2728,21082,No,11,3,80,0,3.2
2199,No,Non-Travel,530,3,36,4,5368,16130,Yes,25,4,80,1,3.2
2200,Yes,Travel_Rarely,1351,1,80,3,5347,7419,No,14,3,80,2,3.7
2201,No,Travel_Rarely,528,3,44,4,3195,4167,Yes,18,3,80,3,3.9
2202,Yes,Travel_Rarely,1320,4,93,3,3989,20586,Yes,11,3,80,0,4
2203,Yes,Travel_Rarely,1495,4,87,3,3306,26176,No,19,3,80,1,4
2204,Yes,Travel_Rarely,1395,2,48,4,7005,3458,No,15,3,80,0,4.1
2205,Yes,Travel_Frequently,708,4,95,3,2655,11740,Yes,11,3,80,2,4.5
2206,No,Travel_Rarely,1259,4,95,2,1393,24852,No,12,3,80,0,4.9
2207,Yes,Non-Travel,786,4,76,4,2570,11925,No,20,4,80,0,5.1
2208,Yes,Travel_Rarely,1441,1,94,2,3537,23737,No,12,3,80,1,5.3
2209,Yes,Travel_Rarely,1157,2,57,4,3986,11912,No,14,3,80,1,5.9
2210,Yes,Travel_Rarely,370,3,92,4,10883,20467,No,20,4,80,1,6
2211,Yes,Travel_Rarely,267,2,79,2,2028,13637,No,18,3,80,3,6.8
2212,Yes,Travel_Frequently,1278,3,31,4,9525,7677,No,14,3,80,2,7.1
2213,Yes,Travel_Rarely,678,2,35,4,2929,20338,No,12,3,80,0,7.9
2214,Yes,Travel_Rarely,427,3,99,4,2275,25103,Yes,21,4,80,1,8.2
2215,Yes,Travel_Rarely,921,3,96,4,7879,14810,Yes,19,3,80,1,8.7
2216,Yes,Travel_Frequently,146,1,79,4,4930,13970,Yes,14,3,80,0,9
2217,Yes,Travel_Rarely,1179,4,73,4,7847,6069,Yes,17,3,80,1,9.5
2218,Yes,Travel_Rarely,581,3,62,3,4401,17616,No,16,3,80,1,9.6
2219,Yes,Travel_Rarely,918,4,35,3,9241,15869,No,12,3,80,0,10.3
2220,Yes,Travel_Rarely,1082,4,43,3,2974,25412,No,17,3,80,1,10.5
2221,Yes,Travel_Rarely,530,3,51,4,4502,7439,No,15,3,80,0,11.2
2222,No,Non-Travel,1238,3,74,3,10748,3395,No,23,4,80,1,11.5
2223,No,Travel_Rarely,240,4,58,3,1555,11585,No,11,3,80,1,12.3
2224,Yes,Travel_Frequently,1093,3,82,3,12936,24164,No,11,3,80,0,12.9
2225,Yes,Travel_Rarely,390,4,62,3,2305,6217,No,15,3,80,3,13.5
2226,Yes,Travel_Rarely,1005,4,48,2,16704,17119,No,11,3,80,0,1.1
2227,Yes,Travel_Frequently,585,1,56,3,3433,17360,No,13,3,80,1,1.3
2228,Yes,Travel_Rarely,741,2,69,3,3477,18103,No,14,3,80,1,1.5
2229,No,Non-Travel,552,3,60,2,6430,20794,No,19,3,80,1,2
2230,No,Travel_Rarely,369,2,92,1,6516,5041,Yes,16,3,80,1,2.2
2231,No,Travel_Rarely,506,2,91,1,3907,3622,No,13,3,80,3,2.9
2232,No,Travel_Rarely,717,3,34,2,5562,9697,No,14,3,80,0,3
2233,Yes,Travel_Rarely,1370,4,49,3,6883,5151,No,16,3,80,1,3.2
2234,Yes,Travel_Rarely,793,2,33,4,2862,3811,No,12,3,80,1,3.2
2235,No,Non-Travel,543,3,87,2,4978,3536,No,11,3,80,1,3.7
2236,No,Travel_Rarely,1277,3,74,4,10368,5596,Yes,12,3,80,1,3.9
2237,Yes,Travel_Rarely,1456,2,96,1,6134,8658,Yes,13,3,80,3,4
2238,No,Travel_Rarely,964,1,34,2,6735,12147,No,15,3,80,0,4
2239,No,Travel_Rarely,160,3,51,2,3295,12862,No,13,3,80,0,4.1
2240,No,Travel_Frequently,163,4,30,4,5238,6670,No,20,4,80,0,4.5
2241,No,Non-Travel,792,4,77,4,6472,8989,Yes,15,3,80,1,4.9
2242,No,Travel_Rarely,371,4,80,3,9610,3840,No,13,3,80,1,5.1
2243,No,Travel_Rarely,611,2,88,2,19833,4349,No,14,3,80,0,5.3
2244,No,Travel_Rarely,176,3,56,3,9756,6595,No,21,4,80,2,5.9
2245,Yes,Travel_Frequently,1312,4,78,1,4968,26427,No,16,3,80,0,6
2246,No,Travel_Frequently,897,1,59,4,2145,2097,No,14,3,80,1,6.8
2247,No,Travel_Frequently,600,3,66,4,2180,9732,No,11,3,80,1,7.1
2248,Yes,Travel_Rarely,1003,1,51,3,8346,20943,No,19,3,80,1,7.9
2249,Yes,Travel_Rarely,1054,3,67,4,3445,6152,No,11,3,80,0,8.2
2250,No,Travel_Rarely,428,2,52,2,2760,14630,No,13,3,80,0,8.7
2251,No,Travel_Frequently,461,4,70,3,6294,23060,Yes,12,3,80,0,9
2252,Yes,Travel_Rarely,979,3,94,1,7140,3088,No,11,3,80,1,9.5
2253,Yes,Travel_Rarely,181,4,97,4,2932,5586,Yes,14,3,80,3,9.6
2254,Yes,Non-Travel,1283,4,62,2,5147,10697,No,15,3,80,0,10.3
2255,Yes,Travel_Rarely,1313,4,80,4,4507,8191,No,12,3,80,0,10.5
2256,No,Travel_Rarely,211,1,74,1,8564,10092,Yes,20,4,80,0,11.2
2257,Yes,Travel_Frequently,594,3,75,2,2468,15963,No,14,3,80,1,11.5
2258,Yes,Travel_Rarely,1079,1,70,3,8161,19002,No,13,3,80,3,12.3
2259,Yes,Travel_Rarely,590,4,91,1,2109,10007,No,13,3,80,1,12.9
2260,Yes,Travel_Rarely,305,3,58,3,5294,9128,No,16,3,80,1,13.5
2261,No,Non-Travel,953,2,65,2,2718,17674,No,14,3,80,0,1.1
2262,Yes,Travel_Rarely,833,2,60,4,5811,24539,Yes,16,3,80,1,1.3
2263,Yes,Travel_Frequently,807,3,38,3,2437,15587,Yes,16,3,80,1,1.5
2264,Yes,Travel_Rarely,855,2,57,2,2766,8952,No,22,4,80,3,2
2265,No,Travel_Rarely,478,3,60,1,19038,19805,No,12,3,80,3,2.2
2266,Yes,Non-Travel,775,4,90,2,3055,6194,No,15,3,80,2,2.9
2267,No,Travel_Rarely,548,3,94,1,2289,20520,No,20,4,80,2,3
2268,Yes,Non-Travel,1375,4,87,3,4001,12313,Yes,14,3,80,1,3.2
2269,Yes,Non-Travel,661,1,60,3,12965,22308,Yes,20,4,80,3,3.2
2270,No,Travel_Rarely,244,2,97,4,3539,5033,No,13,3,80,0,3.7
2271,Yes,Travel_Rarely,511,4,32,4,6029,25353,No,12,3,80,0,3.9
2272,Yes,Travel_Rarely,337,2,31,2,2679,4567,No,13,3,80,0,4
2273,Yes,Travel_Rarely,1153,4,40,3,3702,16376,No,11,3,80,1,4
2274,No,Travel_Rarely,1294,3,79,1,2398,15999,Yes,17,3,80,0,4.1
2275,Yes,Travel_Rarely,196,1,91,4,5468,13402,No,14,3,80,2,4.5
2276,No,Travel_Rarely,942,1,53,3,13116,22984,No,11,3,80,0,4.9
2277,No,Travel_Rarely,589,2,46,2,4189,8800,No,14,3,80,2,5.1
2278,No,Travel_Rarely,734,3,46,4,19328,14218,Yes,17,3,80,1,5.3
2279,No,Travel_Rarely,1383,4,90,1,8321,25949,Yes,13,3,80,1,5.9
2280,Yes,Travel_Frequently,429,3,99,2,2342,11092,Yes,12,3,80,3,6
2281,Yes,Travel_Rarely,1239,3,89,2,4071,12832,No,13,3,80,0,6.8
2282,Yes,Travel_Rarely,303,3,84,4,5813,13492,Yes,18,3,80,0,7.1
2283,Yes,Travel_Rarely,867,4,90,1,3143,6076,No,19,3,80,1,7.9
2284,Yes,Travel_Rarely,1181,3,82,4,2044,5531,No,11,3,80,1,8.2
2285,Yes,Travel_Rarely,1253,3,65,3,13464,7914,No,21,4,80,0,8.7
2286,No,Non-Travel,849,2,98,2,7991,25166,No,15,3,80,0,9
2287,No,Travel_Rarely,616,3,99,1,3377,25605,No,17,3,80,1,9.5
2288,No,Travel_Rarely,1128,2,95,1,5538,5696,No,18,3,80,2,9.6
2289,Yes,Non-Travel,1180,2,90,4,5762,24442,No,14,3,80,1,10.3
2290,Yes,Non-Travel,1336,1,100,2,2592,7129,No,13,3,80,3,10.5
2291,Yes,Travel_Frequently,234,4,93,1,5346,6208,No,17,3,80,1,11.2
2292,Yes,Travel_Rarely,370,4,58,1,4213,4992,No,15,3,80,0,11.5
2293,No,Travel_Frequently,766,3,83,4,4127,19188,No,18,3,80,1,12.3
2294,No,Non-Travel,343,1,52,3,2438,24978,No,13,3,80,0,12.9
2295,Yes,Travel_Rarely,447,2,85,2,6870,15530,No,12,3,80,0,13.5
2296,No,Travel_Rarely,796,3,81,3,10447,26458,Yes,13,3,80,1,1.1
2297,Yes,Travel_Rarely,1092,1,64,3,9667,2739,No,14,3,80,0,1.3
2298,Yes,Travel_Rarely,920,4,69,2,2148,6889,Yes,11,3,80,0,1.5
2299,No,Travel_Rarely,261,4,66,2,8926,10842,No,22,4,80,1,2
2300,No,Travel_Rarely,1194,3,52,4,6513,9060,No,17,3,80,1,2.2
2301,Yes,Travel_Rarely,810,2,92,3,6799,22128,No,21,4,80,2,2.9
2302,No,Non-Travel,350,2,52,2,16291,22577,No,22,4,80,1,3
2303,Yes,Travel_Rarely,185,2,91,3,2705,9696,No,16,3,80,1,3.2
2304,No,Travel_Rarely,1001,3,92,2,10333,19271,Yes,12,3,80,1,3.2
2305,Yes,Travel_Rarely,750,2,47,1,4448,10748,No,12,3,80,1,3.7
2306,Yes,Travel_Rarely,431,4,68,4,6854,15696,No,15,3,80,1,3.9
2307,Yes,Travel_Frequently,1125,1,68,1,9637,8277,No,14,3,80,2,4
2308,No,Travel_Rarely,1217,3,67,1,3591,12719,No,25,4,80,1,4
2309,Yes,Travel_Rarely,723,2,77,4,5405,4244,Yes,20,4,80,2,4.1
2310,Yes,Travel_Rarely,572,3,46,4,4684,9125,No,13,3,80,0,4.5
2311,No,Travel_Frequently,1216,1,87,3,15787,21624,Yes,14,3,80,0,4.9
2312,Yes,Non-Travel,1431,2,33,3,1514,8018,No,16,3,80,0,5.1
2313,Yes,Travel_Rarely,359,4,89,1,2956,21495,No,17,3,80,0,5.3
2314,Yes,Travel_Rarely,350,1,56,1,2335,3157,Yes,15,3,80,3,5.9
2315,No,Non-Travel,589,3,67,3,5154,19665,No,22,4,80,2,6
2316,No,Travel_Rarely,430,4,73,2,6962,19573,Yes,22,4,80,1,6.8
2317,No,Travel_Frequently,1422,1,92,4,5675,19246,No,20,4,80,1,7.1
2318,No,Travel_Frequently,1297,4,53,4,2379,19826,Yes,14,3,80,0,7.9
2319,No,Travel_Frequently,574,4,40,4,3812,7003,No,13,3,80,0,8.2
2320,Yes,Travel_Frequently,1318,4,79,4,4648,26075,No,13,3,80,0,8.7
2321,Yes,Non-Travel,355,3,38,3,2936,6161,No,22,4,80,2,9
2322,Yes,Travel_Rarely,207,2,64,3,2105,5411,No,12,3,80,0,9.5
2323,No,Travel_Rarely,706,4,82,4,8578,19989,No,14,3,80,1,9.6
2324,No,Non-Travel,280,3,43,4,2706,10494,No,15,3,80,1,10.3
2325,No,Travel_Rarely,726,4,93,3,6384,21143,No,17,3,80,2,10.5
2326,Yes,Travel_Rarely,1142,4,81,3,3968,13624,No,13,3,80,0,11.2
2327,Yes,Travel_Rarely,414,3,82,2,9907,26186,Yes,12,3,80,0,11.5
2328,No,Travel_Rarely,1319,1,45,1,13225,7739,No,12,3,80,1,12.3
2329,No,Travel_Rarely,728,2,36,3,3540,7018,No,21,4,80,1,12.9
2330,No,Travel_Rarely,352,4,87,2,2804,15434,No,11,3,80,0,13.5
2331,No,Travel_Rarely,823,1,81,3,19392,22539,No,13,3,80,0,1.1
2332,No,Travel_Rarely,1224,4,91,2,19665,13583,No,12,3,80,0,1.3
2333,Yes,Travel_Frequently,459,4,73,4,2439,14753,Yes,24,4,80,0,1.5
2334,Yes,Travel_Rarely,1254,3,64,2,7314,14011,No,21,4,80,3,2
2335,Yes,Travel_Frequently,1131,4,77,1,4774,23844,No,19,3,80,1,2.2
2336,Yes,Travel_Rarely,835,4,41,4,3902,5141,No,14,3,80,3,2.9
2337,No,Travel_Rarely,836,2,98,4,2662,7975,No,20,4,80,1,3
2338,No,Travel_Rarely,1172,2,78,2,2856,3692,No,19,3,80,1,3.2
2339,No,Travel_Rarely,945,2,89,4,1081,16019,No,13,3,80,0,3.2
2340,Yes,Travel_Rarely,391,4,75,2,2472,26092,Yes,23,4,80,0,3.7
2341,Yes,Travel_Rarely,1266,2,63,3,5673,6060,Yes,13,3,80,1,3.9
2342,Yes,Travel_Rarely,311,2,89,3,4197,18624,No,11,3,80,1,4
2343,Yes,Travel_Rarely,1480,3,64,4,9713,24444,Yes,13,3,80,3,4
2344,No,Travel_Rarely,592,4,59,1,2062,19384,No,14,3,80,0,4.1
2345,No,Travel_Rarely,783,4,78,1,4284,13588,Yes,22,4,80,1,4.5
2346,Yes,Travel_Rarely,219,4,44,2,4788,25388,Yes,11,3,80,0,4.9
2347,Yes,Travel_Rarely,556,2,93,4,5906,23888,No,13,3,80,2,5.1
2348,Yes,Travel_Frequently,1213,2,94,4,3886,4223,No,21,4,80,0,5.3
2349,Yes,Travel_Rarely,1137,1,98,1,16823,18991,No,11,3,80,1,5.9
2350,Yes,Travel_Rarely,482,2,90,3,2933,14908,Yes,13,3,80,1,6
2351,Yes,Travel_Rarely,511,1,89,3,6500,26997,No,14,3,80,0,6.8
2352,No,Travel_Frequently,117,4,58,4,17174,2437,No,11,3,80,1,7.1
2353,No,Travel_Rarely,170,2,78,1,5033,9364,No,15,3,80,1,7.9
2354,Yes,Non-Travel,967,4,85,1,2307,14460,Yes,23,4,80,1,8.2
2355,No,Travel_Rarely,1162,1,97,4,2587,10261,No,16,3,80,0,8.7
2356,Yes,Travel_Rarely,335,3,33,2,5507,16822,No,16,3,80,2,9
2357,No,Travel_Rarely,337,3,54,2,4393,26841,No,21,4,80,1,9.5
2358,Yes,Travel_Rarely,1396,3,83,1,13348,14842,No,13,3,80,1,9.6
2359,No,Travel_Rarely,1079,3,86,4,6583,20115,Yes,11,3,80,1,10.3
2360,Yes,Travel_Rarely,735,4,75,4,8103,16495,Yes,12,3,80,0,10.5
2361,Yes,Travel_Rarely,471,1,62,3,3978,16031,No,12,3,80,1,11.2
2362,No,Travel_Frequently,1096,3,61,4,2544,7102,No,18,3,80,1,11.5
2363,No,Travel_Frequently,1297,2,44,3,5399,14511,No,12,3,80,0,12.3
2364,Yes,Travel_Rarely,217,2,43,3,5487,10410,No,14,3,80,0,12.9
2365,Yes,Travel_Frequently,783,3,42,4,6834,19255,Yes,12,3,80,1,13.5
2366,No,Travel_Frequently,746,3,45,1,1091,10642,No,17,3,80,0,1.1
2367,Yes,Non-Travel,1251,1,32,3,5736,3987,No,19,3,80,1,1.3
2368,No,Travel_Rarely,1354,2,41,2,2226,6073,No,11,3,80,1,1.5
2369,Yes,Travel_Frequently,735,3,86,4,5747,26496,Yes,15,3,80,0,2
2370,Yes,Travel_Rarely,1475,4,84,3,9854,23352,Yes,11,3,80,0,2.2
2371,Yes,Non-Travel,1169,3,64,2,5467,2125,No,18,3,80,1,2.9
2372,No,Travel_Rarely,1443,4,89,1,5380,20328,No,16,3,80,1,3
2373,Yes,Travel_Rarely,867,1,87,1,5151,12315,No,25,4,80,1,3.2
2374,Yes,Travel_Frequently,1394,4,58,2,2133,18115,Yes,16,3,80,1,3.2
2375,Yes,Travel_Rarely,605,4,72,4,17875,11761,Yes,13,3,80,1,3.7
2376,No,Travel_Frequently,238,1,47,3,2432,15318,Yes,14,3,80,0,3.9
2377,Yes,Travel_Rarely,1206,2,71,4,4771,14293,No,19,3,80,2,4
2378,Yes,Travel_Frequently,1064,2,42,4,19161,13738,No,15,3,80,0,4
2379,Yes,Travel_Rarely,419,2,77,4,5087,2900,Yes,12,3,80,2,4.1
2380,No,Travel_Frequently,1337,1,58,2,2863,19555,No,12,3,80,0,4.5
2381,No,Travel_Rarely,682,2,71,1,5561,15975,No,16,3,80,1,4.9
2382,No,Non-Travel,1103,3,49,3,2144,2122,No,14,3,80,0,5.1
2383,Yes,Non-Travel,976,3,48,1,3065,3995,Yes,13,3,80,1,5.3
2384,No,Non-Travel,1351,1,66,2,2810,9238,No,22,4,80,0,5.9
2385,No,Travel_Rarely,937,1,32,4,9888,6770,No,21,4,80,0,6
2386,Yes,Travel_Rarely,1239,4,39,3,8628,22914,No,18,3,80,1,6.8
2387,No,Travel_Rarely,157,3,95,1,2867,20006,No,13,3,80,0,7.1
2388,No,Travel_Rarely,136,1,89,1,5373,6225,No,12,3,80,1,7.9
2389,No,Non-Travel,1146,3,34,4,6667,16542,No,18,3,80,1,8.2
2390,No,Travel_Frequently,1125,4,48,1,5003,5771,No,21,4,80,0,8.7
2391,Yes,Travel_Rarely,1404,3,32,4,2367,18779,No,12,3,80,1,9
2392,No,Travel_Rarely,1404,1,59,1,2858,11473,No,14,3,80,0,9.5
2393,No,Travel_Rarely,1224,3,55,4,5204,13586,Yes,11,3,80,0,9.6
2394,No,Travel_Rarely,954,4,44,4,4105,5099,No,14,3,80,0,10.3
2395,No,Travel_Rarely,1373,4,56,4,9679,10138,No,24,4,80,0,10.5
2396,No,Travel_Frequently,754,1,63,4,5617,21075,Yes,11,3,80,0,11.2
2397,Yes,Travel_Rarely,1168,1,66,1,10448,5843,Yes,13,3,80,0,11.5
2398,Yes,Travel_Rarely,155,1,67,3,2897,22474,No,11,3,80,2,12.3
2399,Yes,Travel_Frequently,1303,4,36,3,5968,18079,No,20,4,80,3,12.9
2400,Yes,Travel_Rarely,574,1,30,3,7510,16873,No,17,3,80,1,13.5
2401,Yes,Travel_Frequently,1444,4,88,2,2991,5224,Yes,11,3,80,1,1.1
2402,Yes,Travel_Rarely,189,3,71,2,19636,25811,Yes,18,3,80,1,1.3
2403,No,Travel_Rarely,1276,4,59,4,1129,17536,Yes,11,3,80,3,1.5
2404,No,Travel_Rarely,119,2,77,1,13341,25098,No,12,3,80,0,2
2405,Yes,Non-Travel,335,4,37,3,4332,14811,No,12,3,80,0,2.2
2406,No,Non-Travel,697,3,40,3,11031,26862,No,20,4,80,1,2.9
2407,No,Travel_Rarely,157,3,77,1,4440,25198,Yes,19,3,80,0,3
2408,Yes,Travel_Rarely,771,2,45,3,4617,14120,No,12,3,80,0,3.2
2409,Yes,Travel_Rarely,571,4,78,4,2647,13672,No,13,3,80,0,3.2
2410,No,Travel_Frequently,692,4,73,3,6323,26849,No,11,3,80,1,3.7
2411,No,Travel_Rarely,444,2,92,2,5677,4258,No,14,3,80,1,3.9
2412,No,Travel_Rarely,309,3,82,2,2187,19655,No,14,3,80,0,4
2413,Yes,Travel_Rarely,911,4,76,2,3748,4077,No,13,3,80,0,4
2414,No,Travel_Rarely,977,4,57,3,3977,7298,Yes,19,3,80,1,4.1
2415,No,Travel_Rarely,1180,1,84,3,8633,13084,No,23,4,80,0,4.5
2416,No,Non-Travel,1313,2,59,3,2008,20439,No,12,3,80,3,4.9
2417,No,Travel_Rarely,1321,4,86,2,4440,7636,No,15,3,80,2,5.1
2418,No,Travel_Rarely,1154,1,54,3,3067,6393,No,19,3,80,1,5.3
2419,Yes,Travel_Frequently,508,1,72,3,5321,14284,No,11,3,80,1,5.9
2420,No,Travel_Rarely,557,4,35,1,5410,11189,Yes,17,3,80,1,6
2421,Yes,Travel_Rarely,642,4,76,4,2782,21412,No,22,4,80,1,6.8
2422,No,Non-Travel,1162,3,98,2,11957,17231,No,18,3,80,2,7.1
2423,No,Travel_Rarely,1490,4,43,3,2660,20232,Yes,11,3,80,1,7.9
2424,Yes,Travel_Rarely,581,4,63,3,3375,17624,No,12,3,80,0,8.2
2425,Yes,Travel_Rarely,1395,2,48,3,5098,18698,No,19,3,80,0,8.7
2426,Yes,Travel_Rarely,501,2,95,4,4878,21653,Yes,13,3,80,1,9
2427,No,Travel_Rarely,267,3,49,2,2837,15919,No,13,3,80,0,9.5
2428,Yes,Travel_Rarely,543,1,83,4,2406,4060,No,19,3,80,2,9.6
2429,Yes,Travel_Rarely,234,2,68,2,2269,18024,No,14,3,80,1,10.3
2430,No,Travel_Rarely,116,1,52,4,4108,5340,No,13,3,80,0,10.5
2431,Yes,Travel_Rarely,201,2,99,3,13206,3376,No,12,3,80,1,11.2
2432,Yes,Travel_Rarely,801,3,48,4,10422,24032,No,19,3,80,2,11.5
2433,Yes,Travel_Rarely,161,3,42,4,13744,15471,Yes,25,4,80,1,12.3
2434,Yes,Travel_Rarely,1382,1,85,3,4907,13684,Yes,22,4,80,1,12.9
2435,No,Non-Travel,585,1,40,4,3482,19788,No,15,3,80,2,13.5
2436,No,Travel_Rarely,1037,2,42,4,2436,13422,Yes,12,3,80,0,1.1
2437,Yes,Travel_Rarely,501,3,58,1,2380,25479,Yes,11,3,80,0,1.3
2438,Yes,Non-Travel,105,4,87,4,19431,15302,No,13,3,80,0,1.5
2439,No,Travel_Frequently,638,4,33,1,1790,26956,No,19,3,80,1,2
2440,No,Travel_Rarely,557,1,94,4,7644,12695,No,19,3,80,2,2.2
2441,Yes,Travel_Frequently,688,4,97,2,5131,9192,No,13,3,80,3,2.9
2442,Yes,Non-Travel,667,3,57,3,6306,26236,No,21,4,80,1,3
2443,No,Travel_Rarely,1092,1,36,4,4787,26124,Yes,14,3,80,3,3.2
2444,No,Travel_Rarely,300,1,56,3,18880,17312,No,11,3,80,0,3.2
2445,No,Travel_Rarely,310,4,72,3,2339,3666,No,11,3,80,1,3.7
2446,Yes,Travel_Rarely,582,1,60,2,13570,5640,No,23,4,80,1,3.9
2447,Yes,Travel_Rarely,704,4,95,3,6712,8978,No,21,4,80,2,4
2448,No,Non-Travel,301,4,88,4,5406,10436,No,24,4,80,1,4
2449,Yes,Travel_Rarely,930,3,57,2,8938,12227,No,11,3,80,1,4.1
2450,Yes,Travel_Rarely,529,4,78,1,2439,11288,No,14,3,80,0,4.5
2451,No,Travel_Rarely,1146,3,31,4,8837,16642,Yes,16,3,80,0,4.9
2452,Yes,Travel_Rarely,345,1,100,4,5343,5982,No,11,3,80,1,5.1
2453,Yes,Travel_Frequently,878,2,94,3,6728,14255,No,12,3,80,2,5.3
2454,Yes,Travel_Rarely,1120,2,100,4,6652,14369,No,13,3,80,1,5.9
2455,No,Travel_Rarely,374,4,50,3,4850,23333,No,15,3,80,0,6
2456,Yes,Travel_Rarely,1322,3,52,3,2809,2725,No,14,3,80,0,6.8
2457,Yes,Travel_Frequently,1199,3,80,3,5689,24594,Yes,14,3,80,2,7.1
2458,No,Travel_Rarely,1194,3,98,3,2001,12549,No,14,3,80,3,7.9
2459,No,Travel_Rarely,287,3,62,4,2977,8952,No,12,3,80,1,8.2
2460,Yes,Travel_Rarely,1378,4,46,2,4025,23679,Yes,13,3,80,1,8.7
2461,No,Travel_Rarely,468,4,73,1,3785,8489,No,14,3,80,0,9
2462,Yes,Travel_Rarely,410,4,39,1,10854,16586,Yes,13,3,80,1,9.5
2463,No,Travel_Rarely,722,2,60,4,12031,8828,No,11,3,80,1,9.6
2464,No,Non-Travel,325,2,74,1,9936,3787,No,19,3,80,0,10.3
2465,No,Travel_Rarely,1167,4,30,3,2966,21378,No,18,3,80,0,10.5
2466,No,Travel_Frequently,884,3,41,4,2571,12290,No,17,3,80,1,11.2
2467,No,Travel_Rarely,613,4,42,1,9991,21457,No,15,3,80,1,11.5
2468,No,Travel_Rarely,155,2,87,2,6142,5174,Yes,20,4,80,1,12.3
2469,No,Travel_Frequently,1023,4,63,2,5390,13243,No,14,3,80,0,12.9
2470,No,Travel_Rarely,628,2,82,3,4404,10228,No,12,3,80,0,13.5
